date,Symbol,close,future_return,target,prediction,probability_up,probability_down,fold,train_start,train_end,test_start,test_end,confidence,direction,trade_return,position_size,optimized_return,result,paper_return,paper_capital_before,paper_pnl,paper_capital,paper_drawdown,original_trade_return,risk_control_factor,risk_controlled_return
2026-02-01 00:00:00+05:30,SUZLON-EQ,46.17,0.0405024907948883,1,1,0.7097031036527771,0.2902968963472229,3,2025-09-23 00:00:00+05:30,2026-01-30 00:00:00+05:30,2026-02-01 00:00:00+05:30,2026-04-02 00:00:00+05:30,0.7097031036527771,BUY,0.0405024907948883,1.0,0.0405024907948883,WIN,0.0405024907948883,100000.0,4050.2490794888304,104050.24907948884,0.0,0.0405024907948883,0.5,0.02025124539744415
2026-02-01 00:00:00+05:30,TATAMOTORS-EQ,344.65,0.0721021325982882,1,1,0.7113899051719109,0.2886100948280891,3,2025-09-23 00:00:00+05:30,2026-01-30 00:00:00+05:30,2026-02-01 00:00:00+05:30,2026-04-02 00:00:00+05:30,0.7113899051719109,BUY,0.0721021325982882,1.0,0.0721021325982882,WIN,0.0721021325982882,104050.24907948884,7502.2448560142175,111552.49393550308,0.0,0.0721021325982882,0.5,0.0360510662991441
2026-02-02 00:00:00+05:30,SUZLON-EQ,46.99,0.0255373483719938,1,1,0.7332871432606484,0.2667128567393516,3,2025-09-23 00:00:00+05:30,2026-01-30 00:00:00+05:30,2026-02-01 00:00:00+05:30,2026-04-02 00:00:00+05:30,0.7332871432606484,BUY,0.0255373483719938,1.0,0.0255373483719938,WIN,0.0255373483719938,111552.49393550308,2848.7548993956675,114401.24883489872,0.0,0.0255373483719938,0.5,0.0127686741859969
2026-02-05 00:00:00+05:30,SUZLON-EQ,47.85,-0.0217345872518286,0,1,0.6818218796995719,0.3181781203004281,3,2025-09-23 00:00:00+05:30,2026-01-30 00:00:00+05:30,2026-02-01 00:00:00+05:30,2026-04-02 00:00:00+05:30,0.6818218796995719,BUY,-0.0217345872518286,1.0,-0.0217345872518286,LOSS,-0.0217345872518286,114401.24883489872,-2486.463924520261,111914.78491037844,-0.0217345872518286,-0.0217345872518286,0.5,-0.0108672936259143
2026-02-06 00:00:00+05:30,TATAMOTORS-EQ,369.5,0.0290933694181325,1,0,0.3280621656869675,0.6719378343130324,3,2025-09-23 00:00:00+05:30,2026-01-30 00:00:00+05:30,2026-02-01 00:00:00+05:30,2026-04-02 00:00:00+05:30,0.6719378343130324,SELL,-0.0290933694181325,1.0,-0.0290933694181325,LOSS,-0.0290933694181325,111914.78491037844,-3255.978180748481,108658.80672962996,-0.0501956242938931,-0.0290933694181325,0.5,-0.01454668470906625
2026-02-06 00:00:00+05:30,SUZLON-EQ,48.04,-0.0493338884263113,0,1,0.6691893241822766,0.3308106758177234,3,2025-09-23 00:00:00+05:30,2026-01-30 00:00:00+05:30,2026-02-01 00:00:00+05:30,2026-04-02 00:00:00+05:30,0.6691893241822766,BUY,-0.0493338884263113,1.0,-0.0493338884263113,LOSS,-0.0493338884263113,108658.80672962996,-5360.5614477356885,103298.24528189428,-0.0970531673918004,-0.0493338884263113,0.5,-0.02466694421315565
2026-02-09 00:00:00+05:30,TATAMOTORS-EQ,377.4,-0.0003974562798091,0,0,0.3496162550858753,0.6503837449141247,3,2025-09-23 00:00:00+05:30,2026-01-30 00:00:00+05:30,2026-02-01 00:00:00+05:30,2026-04-02 00:00:00+05:30,0.6503837449141247,SELL,0.0003974562798091,1.0,0.0003974562798091,WIN,0.0003974562798091,103298.24528189428,41.05653628054962,103339.30181817483,-0.0966942855028465,0.0003974562798091,0.5,0.00019872813990455
2026-02-10 00:00:00+05:30,TATAMOTORS-EQ,379.35,0.0092263081586925,1,0,0.2137439823181111,0.7862560176818888,3,2025-09-23 00:00:00+05:30,2026-01-30 00:00:00+05:30,2026-02-01 00:00:00+05:30,2026-04-02 00:00:00+05:30,0.7862560176818888,SELL,-0.0092263081586925,1.0,-0.0092263081586925,LOSS,-0.0092263081586925,103339.30181817483,-953.4402434786132,102385.86157469625,-0.1050284623863051,-0.0092263081586925,0.5,-0.00461315407934625
2026-02-11 00:00:00+05:30,TATAMOTORS-EQ,384.7,-0.0048089420327527,0,0,0.2791780902168327,0.7208219097831673,3,2025-09-23 00:00:00+05:30,2026-01-30 00:00:00+05:30,2026-02-01 00:00:00+05:30,2026-04-02 00:00:00+05:30,0.7208219097831673,SELL,0.0048089420327527,1.0,0.0048089420327527,WIN,0.0048089420327527,102385.86157469625,492.3676732861562,102878.22924798238,-0.1007245961409574,0.0048089420327527,0.5,0.00240447101637635
2026-02-11 00:00:00+05:30,SBIN-EQ,1182.9,0.0304336799391327,1,0,0.3264430633937213,0.6735569366062786,3,2025-09-23 00:00:00+05:30,2026-01-30 00:00:00+05:30,2026-02-01 00:00:00+05:30,2026-04-02 00:00:00+05:30,0.6735569366062786,SELL,-0.0304336799391327,1.0,-0.0304336799391327,LOSS,-0.0304336799391327,102878.22924798238,-3130.9631016378166,99747.26614634455,-0.1280928559591378,-0.0304336799391327,0.5,-0.01521683996956635
2026-02-12 00:00:00+05:30,SBIN-EQ,1192.4,0.0111539751761153,1,0,0.3086784615817902,0.6913215384182099,3,2025-09-23 00:00:00+05:30,2026-01-30 00:00:00+05:30,2026-02-01 00:00:00+05:30,2026-04-02 00:00:00+05:30,0.6913215384182099,SELL,-0.0111539751761153,1.0,-0.0111539751761153,LOSS,-0.0111539751761153,99747.26614634455,-1112.5785304816932,98634.68761586287,-0.1378180865996471,-0.0111539751761153,0.5,-0.00557698758805765
2026-02-12 00:00:00+05:30,TATAMOTORS-EQ,383.45,-0.0202112400573738,0,0,0.2202255174066363,0.7797744825933637,3,2025-09-23 00:00:00+05:30,2026-01-30 00:00:00+05:30,2026-02-01 00:00:00+05:30,2026-04-02 00:00:00+05:30,0.7797744825933637,SELL,0.0202112400573738,1.0,0.0202112400573738,WIN,0.0202112400573738,98634.68761586287,1993.5293493882791,100628.21696525117,-0.1203923209747866,0.0202112400573738,0.5,0.0101056200286869
2026-02-13 00:00:00+05:30,RELIANCE-EQ,1419.6,-0.0001408847562692,0,0,0.3004414053789452,0.6995585946210547,3,2025-09-23 00:00:00+05:30,2026-01-30 00:00:00+05:30,2026-02-01 00:00:00+05:30,2026-04-02 00:00:00+05:30,0.6995585946210547,SELL,0.0001408847562692,1.0,0.0001408847562692,WIN,0.0001408847562692,100628.21696525117,14.176981820953584,100642.39394707212,-0.1202683976613147,0.0001408847562692,0.5,7.04423781346e-05
2026-02-13 00:00:00+05:30,SBIN-EQ,1198.6,0.0146003670949441,1,0,0.3326838938253217,0.6673161061746782,3,2025-09-23 00:00:00+05:30,2026-01-30 00:00:00+05:30,2026-02-01 00:00:00+05:30,2026-04-02 00:00:00+05:30,0.6673161061746782,SELL,-0.0146003670949441,1.0,-0.0146003670949441,LOSS,-0.0146003670949441,100642.39394707212,-1469.4158969412329,99172.97805013089,-0.1331128020004829,-0.0146003670949441,0.5,-0.00730018354747205
2026-02-13 00:00:00+05:30,TATAMOTORS-EQ,380.25,-0.0059171597633136,0,0,0.2281343054041021,0.7718656945958979,3,2025-09-23 00:00:00+05:30,2026-01-30 00:00:00+05:30,2026-02-01 00:00:00+05:30,2026-04-02 00:00:00+05:30,0.7718656945958979,SELL,0.0059171597633136,1.0,0.0059171597633136,WIN,0.0059171597633136,99172.97805013089,586.8223553262172,99759.8004054571,-0.1279832919531484,0.0059171597633136,0.5,0.0029585798816568
2026-02-16 00:00:00+05:30,SBIN-EQ,1208.1,0.0163065971359988,1,0,0.3474342462811961,0.6525657537188039,3,2025-09-23 00:00:00+05:30,2026-01-30 00:00:00+05:30,2026-02-01 00:00:00+05:30,2026-04-02 00:00:00+05:30,0.6525657537188039,SELL,-0.0163065971359988,1.0,-0.0163065971359988,LOSS,-0.0163065971359988,99759.8004054571,-1626.742875579439,98133.05752987768,-0.1422029171071283,-0.0163065971359988,0.5,-0.0081532985679994
2026-02-16 00:00:00+05:30,SUZLON-EQ,46.21,-0.0424150616749621,0,1,0.654451293927554,0.345548706072446,3,2025-09-23 00:00:00+05:30,2026-01-30 00:00:00+05:30,2026-02-01 00:00:00+05:30,2026-04-02 00:00:00+05:30,0.654451293927554,BUY,-0.0424150616749621,1.0,-0.0424150616749621,LOSS,-0.0424150616749621,98133.05752987768,-4162.319687482365,93970.7378423953,-0.178586433282632,-0.0424150616749621,0.5,-0.02120753083748105
2026-02-16 00:00:00+05:30,TATAMOTORS-EQ,377.25,0.0071570576540755,1,0,0.207387465121946,0.7926125348780539,3,2025-09-23 00:00:00+05:30,2026-01-30 00:00:00+05:30,2026-02-01 00:00:00+05:30,2026-04-02 00:00:00+05:30,0.7926125348780539,SELL,-0.0071570576540755,1.0,-0.0071570576540755,LOSS,-0.0071570576540755,93970.7378423953,-672.5539885340376,93298.18385386126,-0.1844653375374679,-0.0071570576540755,0.5,-0.00357852882703775
2026-02-17 00:00:00+05:30,SBIN-EQ,1213.4,0.0081588923685511,1,0,0.3346107978637138,0.6653892021362862,3,2025-09-23 00:00:00+05:30,2026-01-30 00:00:00+05:30,2026-02-01 00:00:00+05:30,2026-04-02 00:00:00+05:30,0.6653892021362862,SELL,-0.0081588923685511,1.0,-0.0081588923685511,LOSS,-0.0081588923685511,93298.18385386126,-761.2098402449461,92536.97401361632,-0.1911191970713223,-0.0081588923685511,0.5,-0.00407944618427555
2026-02-17 00:00:00+05:30,TATAMOTORS-EQ,382.85,-0.0138435418571242,0,0,0.250482168194885,0.749517831805115,3,2025-09-23 00:00:00+05:30,2026-01-30 00:00:00+05:30,2026-02-01 00:00:00+05:30,2026-04-02 00:00:00+05:30,0.749517831805115,SELL,0.0138435418571242,1.0,0.0138435418571242,WIN,0.0138435418571242,92536.97401361632,1281.039473089112,93818.01348670544,-0.1799214218185549,0.0138435418571242,0.5,0.0069217709285621
2026-02-18 00:00:00+05:30,TATAMOTORS-EQ,382.85,-0.0026119890296461,0,0,0.2030795491761156,0.7969204508238844,3,2025-09-23 00:00:00+05:30,2026-01-30 00:00:00+05:30,2026-02-01 00:00:00+05:30,2026-04-02 00:00:00+05:30,0.7969204508238844,SELL,0.0026119890296461,1.0,0.0026119890296461,WIN,0.0026119890296461,93818.01348670544,245.05162201046448,94063.0651087159,-0.1777793855688972,0.0026119890296461,0.5,0.00130599451482305
2026-02-19 00:00:00+05:30,SBIN-EQ,1205.7,0.0031516961101434,1,0,0.3496345567292984,0.6503654432707016,3,2025-09-23 00:00:00+05:30,2026-01-30 00:00:00+05:30,2026-02-01 00:00:00+05:30,2026-04-02 00:00:00+05:30,0.6503654432707016,SELL,-0.0031516961101434,1.0,-0.0031516961101434,LOSS,-0.0031516961101434,94063.0651087159,-296.45819641130527,93766.6069123046,-0.1803707750810795,-0.0031516961101434,0.5,-0.0015758480550717
2026-02-19 00:00:00+05:30,TATAMOTORS-EQ,375.7,0.0421879158903379,1,0,0.1587239403771704,0.8412760596228295,3,2025-09-23 00:00:00+05:30,2026-01-30 00:00:00+05:30,2026-02-01 00:00:00+05:30,2026-04-02 00:00:00+05:30,0.8412760596228295,SELL,-0.0421879158903379,1.0,-0.0421879158903379,LOSS,-0.0421879158903379,93766.6069123046,-3955.8177257386815,89810.7891865659,-0.2149492238832219,-0.0421879158903379,0.5,-0.02109395794516895
2026-02-19 00:00:00+05:30,RELIANCE-EQ,1409.5,-0.0019155728981908,0,0,0.3494132149464001,0.6505867850535999,3,2025-09-23 00:00:00+05:30,2026-01-30 00:00:00+05:30,2026-02-01 00:00:00+05:30,2026-04-02 00:00:00+05:30,0.6505867850535999,SELL,0.0019155728981908,1.0,0.0019155728981908,WIN,0.0019155728981908,89810.7891865659,172.03911373091302,89982.82830029682,-0.2134454018927888,0.0019155728981908,0.5,0.0009577864490954
2026-02-20 00:00:00+05:30,TATAMOTORS-EQ,378.0,0.0123015873015872,1,0,0.1790102231318711,0.8209897768681289,3,2025-09-23 00:00:00+05:30,2026-01-30 00:00:00+05:30,2026-02-01 00:00:00+05:30,2026-04-02 00:00:00+05:30,0.8209897768681289,SELL,-0.0123015873015872,1.0,-0.0123015873015872,LOSS,-0.0123015873015872,89982.82830029682,-1106.9316179798327,88875.896682317,-0.2231212719488694,-0.0123015873015872,0.5,-0.0061507936507936
2026-02-20 00:00:00+05:30,SUZLON-EQ,44.46,-0.0402609086819613,0,1,0.7231937354041462,0.2768062645958538,3,2025-09-23 00:00:00+05:30,2026-01-30 00:00:00+05:30,2026-02-01 00:00:00+05:30,2026-04-02 00:00:00+05:30,0.7231937354041462,BUY,-0.0402609086819613,1.0,-0.0402609086819613,LOSS,-0.0402609086819613,88875.896682317,-3578.224360354192,85297.67232196282,-0.2543991154758942,-0.0402609086819613,0.5,-0.02013045434098065
2026-02-23 00:00:00+05:30,TATAMOTORS-EQ,379.95,-0.0246085011185681,0,0,0.2264550171329714,0.7735449828670286,3,2025-09-23 00:00:00+05:30,2026-01-30 00:00:00+05:30,2026-02-01 00:00:00+05:30,2026-04-02 00:00:00+05:30,0.7735449828670286,SELL,0.0246085011185681,1.0,0.0246085011185681,WIN,0.0246085011185681,85297.67232196282,2099.0478647462774,87396.72018670909,-0.2360509952750774,0.0246085011185681,0.5,0.01230425055928405
2026-02-23 00:00:00+05:30,SUZLON-EQ,44.25,-0.0745762711864406,0,1,0.6816402500748421,0.3183597499251579,3,2025-09-23 00:00:00+05:30,2026-01-30 00:00:00+05:30,2026-02-01 00:00:00+05:30,2026-04-02 00:00:00+05:30,0.6816402500748421,BUY,-0.0745762711864406,1.0,-0.0745762711864406,LOSS,-0.0745762711864406,87396.72018670909,-6517.7215054494845,80878.99868125962,-0.2930234634240545,-0.0745762711864406,0.5,-0.0372881355932203
2026-02-24 00:00:00+05:30,TATAMOTORS-EQ,377.55,-0.0697920805191365,0,0,0.2145869076702641,0.7854130923297359,3,2025-09-23 00:00:00+05:30,2026-01-30 00:00:00+05:30,2026-02-01 00:00:00+05:30,2026-04-02 00:00:00+05:30,0.7854130923297359,SELL,0.0697920805191365,1.0,0.0697920805191365,WIN,0.0697920805191365,80878.99868125962,5644.713588269607,86523.71226952923,-0.2436821000582057,0.0697920805191365,0.5,0.03489604025956825
2026-02-24 00:00:00+05:30,SUZLON-EQ,44.13,-0.0951733514615907,0,1,0.7709351225541571,0.2290648774458429,3,2025-09-23 00:00:00+05:30,2026-01-30 00:00:00+05:30,2026-02-01 00:00:00+05:30,2026-04-02 00:00:00+05:30,0.7709351225541571,BUY,-0.0951733514615907,1.0,-0.0951733514615907,LOSS,-0.0951733514615907,86523.71226952923,-8234.751677589453,78288.96059193979,-0.3156634093660583,-0.0951733514615907,0.5,-0.04758667573079535
2026-02-25 00:00:00+05:30,SUZLON-EQ,43.18,-0.0678554886521537,0,1,0.7675301002203873,0.2324698997796127,3,2025-09-23 00:00:00+05:30,2026-01-30 00:00:00+05:30,2026-02-01 00:00:00+05:30,2026-04-02 00:00:00+05:30,0.7675301002203873,BUY,-0.0678554886521537,1.0,-0.0678554886521537,LOSS,-0.0678554886521537,78288.96059193979,-5312.335677035278,72976.6249149045,-0.3620994031260733,-0.0678554886521537,0.5,-0.03392774432607685
2026-02-25 00:00:00+05:30,TATAMOTORS-EQ,381.85,-0.0699227445331938,0,0,0.2269578947370573,0.7730421052629426,3,2025-09-23 00:00:00+05:30,2026-01-30 00:00:00+05:30,2026-02-01 00:00:00+05:30,2026-04-02 00:00:00+05:30,0.7730421052629426,SELL,0.0699227445331938,1.0,0.0699227445331938,WIN,0.0699227445331938,72976.6249149045,5102.725900819573,78079.35081572407,-0.317495642653286,0.0699227445331938,0.5,0.0349613722665969
2026-02-26 00:00:00+05:30,SUZLON-EQ,43.27,-0.0758030968338341,0,1,0.7508125171868151,0.2491874828131849,3,2025-09-23 00:00:00+05:30,2026-01-30 00:00:00+05:30,2026-02-01 00:00:00+05:30,2026-04-02 00:00:00+05:30,0.7508125171868151,BUY,-0.0758030968338341,1.0,-0.0758030968338341,LOSS,-0.0758030968338341,78079.35081572407,-5918.656590607236,72160.69422511682,-0.3692315865427528,-0.0758030968338341,0.5,-0.03790154841691705
2026-02-27 00:00:00+05:30,TATAMOTORS-EQ,382.65,-0.1323663922644714,0,0,0.1819986697195097,0.8180013302804903,3,2025-09-23 00:00:00+05:30,2026-01-30 00:00:00+05:30,2026-02-01 00:00:00+05:30,2026-04-02 00:00:00+05:30,0.8180013302804903,SELL,0.1323663922644714,1.0,0.1323663922644714,WIN,0.1323663922644714,72160.69422511682,9551.65075787839,81712.34498299522,-0.2857390472990324,0.1323663922644714,0.5,0.0661831961322357
2026-02-27 00:00:00+05:30,SUZLON-EQ,42.67,-0.0714787907194751,0,1,0.7689885954288826,0.2310114045711173,3,2025-09-23 00:00:00+05:30,2026-01-30 00:00:00+05:30,2026-02-01 00:00:00+05:30,2026-04-02 00:00:00+05:30,0.7689885954288826,BUY,-0.0714787907194751,1.0,-0.0714787907194751,LOSS,-0.0714787907194751,81712.34498299522,-5840.699606237066,75871.64537675814,-0.3367935564562379,-0.0714787907194751,0.5,-0.03573939535973755
2026-02-27 00:00:00+05:30,ITC-EQ,313.6,-0.024234693877551,0,0,0.3390854654930418,0.6609145345069581,3,2025-09-23 00:00:00+05:30,2026-01-30 00:00:00+05:30,2026-02-01 00:00:00+05:30,2026-04-02 00:00:00+05:30,0.6609145345069581,SELL,0.024234693877551,1.0,0.024234693877551,WIN,0.024234693877551,75871.64537675814,1838.726099691841,77710.37147644999,-0.3207209513193354,0.024234693877551,0.5,0.0121173469387755
2026-03-02 00:00:00+05:30,TATAMOTORS-EQ,370.6,-0.0685375067458177,0,0,0.2709349059060353,0.7290650940939647,3,2025-09-23 00:00:00+05:30,2026-01-30 00:00:00+05:30,2026-02-01 00:00:00+05:30,2026-04-02 00:00:00+05:30,0.7290650940939647,SELL,0.0685375067458177,1.0,0.0685375067458177,WIN,0.0685375067458177,77710.37147644999,5326.075109287191,83036.44658573718,-0.2741648589380917,0.0685375067458177,0.5,0.03426875337290885
2026-03-02 00:00:00+05:30,SUZLON-EQ,40.95,0.0122100122100121,1,1,0.6831186933612419,0.3168813066387581,3,2025-09-23 00:00:00+05:30,2026-01-30 00:00:00+05:30,2026-02-01 00:00:00+05:30,2026-04-02 00:00:00+05:30,0.6831186933612419,BUY,0.0122100122100121,1.0,0.0122100122100121,WIN,0.0122100122100121,83036.44658573718,1013.8760266878686,84050.32261242505,-0.26530240300327,0.0122100122100121,0.5,0.00610500610500605
2026-03-04 00:00:00+05:30,TATAMOTORS-EQ,351.2,-0.0451309794988609,0,0,0.1758792059315878,0.8241207940684122,3,2025-09-23 00:00:00+05:30,2026-01-30 00:00:00+05:30,2026-02-01 00:00:00+05:30,2026-04-02 00:00:00+05:30,0.8241207940684122,SELL,0.0451309794988609,1.0,0.0451309794988609,WIN,0.0451309794988609,84050.32261242505,3793.273386694,87843.59599911905,-0.2321447808153482,0.0451309794988609,0.5,0.02256548974943045
2026-03-05 00:00:00+05:30,TATAMOTORS-EQ,355.15,-0.0861607771364211,0,0,0.3370336146283765,0.6629663853716234,3,2025-09-23 00:00:00+05:30,2026-01-30 00:00:00+05:30,2026-02-01 00:00:00+05:30,2026-04-02 00:00:00+05:30,0.6629663853716234,SELL,0.0861607771364211,1.0,0.0861607771364211,WIN,0.0861607771364211,87843.59599911905,7568.672497741909,95412.26849686095,-0.1659857784021416,0.0861607771364211,0.5,0.04308038856821055
2026-03-05 00:00:00+05:30,SUZLON-EQ,40.25,0.0541614906832297,1,1,0.7158317415476492,0.2841682584523508,3,2025-09-23 00:00:00+05:30,2026-01-30 00:00:00+05:30,2026-02-01 00:00:00+05:30,2026-04-02 00:00:00+05:30,0.7158317415476492,BUY,0.0541614906832297,1.0,0.0541614906832297,WIN,0.0541614906832297,95412.26849686095,5167.670691258545,100579.93918811948,-0.1208143249093882,0.0541614906832297,0.5,0.02708074534161485
2026-03-06 00:00:00+05:30,SUZLON-EQ,39.99,0.0355088772193046,1,1,0.6797385160805058,0.3202614839194941,3,2025-09-23 00:00:00+05:30,2026-01-30 00:00:00+05:30,2026-02-01 00:00:00+05:30,2026-04-02 00:00:00+05:30,0.6797385160805058,BUY,0.0355088772193046,1.0,0.0355088772193046,WIN,0.0355088772193046,100579.93918811948,3571.4807113560587,104151.41989947556,-0.0895954287196242,0.0355088772193046,0.5,0.0177544386096523
2026-03-06 00:00:00+05:30,TATAMOTORS-EQ,350.75,-0.1044903777619385,0,0,0.2539960621655243,0.7460039378344757,3,2025-09-23 00:00:00+05:30,2026-01-30 00:00:00+05:30,2026-02-01 00:00:00+05:30,2026-04-02 00:00:00+05:30,0.7460039378344757,SELL,0.1044903777619385,1.0,0.1044903777619385,WIN,0.1044903777619385,104151.41989947556,10882.82120973848,115034.24110921404,0.0,0.1044903777619385,0.5,0.05224518888096925
2026-03-09 00:00:00+05:30,ITC-EQ,306.0,0.0073529411764705,1,1,0.6699666003505697,0.3300333996494303,3,2025-09-23 00:00:00+05:30,2026-01-30 00:00:00+05:30,2026-02-01 00:00:00+05:30,2026-04-02 00:00:00+05:30,0.6699666003505697,BUY,0.0073529411764705,1.0,0.0073529411764705,WIN,0.0073529411764705,115034.24110921404,845.8400081559755,115880.08111737002,0.0,0.0073529411764705,0.5,0.00367647058823525
2026-03-09 00:00:00+05:30,SUZLON-EQ,39.62,0.0350832912670369,1,1,0.6765435238865625,0.3234564761134375,3,2025-09-23 00:00:00+05:30,2026-01-30 00:00:00+05:30,2026-02-01 00:00:00+05:30,2026-04-02 00:00:00+05:30,0.6765435238865625,BUY,0.0350832912670369,1.0,0.0350832912670369,WIN,0.0350832912670369,115880.08111737002,4065.454637888556,119945.5357552586,0.0,0.0350832912670369,0.5,0.01754164563351845
2026-03-09 00:00:00+05:30,SBIN-EQ,1098.5,-0.0289485662266727,0,0,0.3206703414201524,0.6793296585798476,3,2025-09-23 00:00:00+05:30,2026-01-30 00:00:00+05:30,2026-02-01 00:00:00+05:30,2026-04-02 00:00:00+05:30,0.6793296585798476,SELL,0.0289485662266727,1.0,0.0289485662266727,WIN,0.0289485662266727,119945.5357552586,3472.251285404842,123417.78704066342,0.0,0.0289485662266727,0.5,0.01447428311333635
2026-03-09 00:00:00+05:30,TATAMOTORS-EQ,332.0,-0.0530120481927711,0,0,0.1745518129533182,0.8254481870466818,3,2025-09-23 00:00:00+05:30,2026-01-30 00:00:00+05:30,2026-02-01 00:00:00+05:30,2026-04-02 00:00:00+05:30,0.8254481870466818,SELL,0.0530120481927711,1.0,0.0530120481927711,WIN,0.0530120481927711,123417.78704066342,6542.629674444809,129960.41671510822,0.0,0.0530120481927711,0.5,0.02650602409638555
2026-03-10 00:00:00+05:30,SUZLON-EQ,41.45,-0.0043425814234017,0,1,0.7535110772267063,0.2464889227732937,3,2025-09-23 00:00:00+05:30,2026-01-30 00:00:00+05:30,2026-02-01 00:00:00+05:30,2026-04-02 00:00:00+05:30,0.7535110772267063,BUY,-0.0043425814234017,1.0,-0.0043425814234017,LOSS,-0.0043425814234017,129960.41671510822,-564.3636914045727,129396.05302370364,-0.0043425814234017,-0.0043425814234017,0.5,-0.00217129071170085
2026-03-10 00:00:00+05:30,TATAMOTORS-EQ,345.2,-0.0753186558516801,0,0,0.3342026925617845,0.6657973074382155,3,2025-09-23 00:00:00+05:30,2026-01-30 00:00:00+05:30,2026-02-01 00:00:00+05:30,2026-04-02 00:00:00+05:30,0.6657973074382155,SELL,0.0753186558516801,1.0,0.0753186558516801,WIN,0.0753186558516801,129396.05302370364,9745.936786258086,139141.98980996173,0.0,0.0753186558516801,0.5,0.03765932792584005
2026-03-11 00:00:00+05:30,TATAMOTORS-EQ,335.35,-0.0316087669598926,0,0,0.2543401857199865,0.7456598142800135,3,2025-09-23 00:00:00+05:30,2026-01-30 00:00:00+05:30,2026-02-01 00:00:00+05:30,2026-04-02 00:00:00+05:30,0.7456598142800135,SELL,0.0316087669598926,1.0,0.0316087669598926,WIN,0.0316087669598926,139141.98980996173,4398.106730238831,143540.09654020055,0.0,0.0316087669598926,0.5,0.0158043834799463
2026-03-11 00:00:00+05:30,SUZLON-EQ,41.62,0.0105718404613168,1,1,0.7574479758448871,0.2425520241551129,3,2025-09-23 00:00:00+05:30,2026-01-30 00:00:00+05:30,2026-02-01 00:00:00+05:30,2026-04-02 00:00:00+05:30,0.7574479758448871,BUY,0.0105718404613168,1.0,0.0105718404613168,WIN,0.0105718404613168,143540.09654020055,1517.4830004250118,145057.57954062556,0.0,0.0105718404613168,0.5,0.0052859202306584
2026-03-11 00:00:00+05:30,ITC-EQ,309.0,-0.0160194174757281,0,1,0.7958888544156486,0.2041111455843514,3,2025-09-23 00:00:00+05:30,2026-01-30 00:00:00+05:30,2026-02-01 00:00:00+05:30,2026-04-02 00:00:00+05:30,0.7958888544156486,BUY,-0.0160194174757281,1.0,-0.0160194174757281,LOSS,-0.0160194174757281,145057.57954062556,-2323.737924679916,142733.84161594565,-0.0160194174757281,-0.0160194174757281,0.5,-0.00800970873786405
2026-03-11 00:00:00+05:30,SBIN-EQ,1091.1,-0.0195215837228485,0,0,0.3407678970247524,0.6592321029752475,3,2025-09-23 00:00:00+05:30,2026-01-30 00:00:00+05:30,2026-02-01 00:00:00+05:30,2026-04-02 00:00:00+05:30,0.6592321029752475,SELL,0.0195215837228485,1.0,0.0195215837228485,WIN,0.0195215837228485,142733.84161594565,2786.39063918948,145520.2322551351,0.0,0.0195215837228485,0.5,0.00976079186142425
2026-03-12 00:00:00+05:30,TATAMOTORS-EQ,324.55,-0.0469881374210445,0,0,0.2061334934512247,0.7938665065487752,3,2025-09-23 00:00:00+05:30,2026-01-30 00:00:00+05:30,2026-02-01 00:00:00+05:30,2026-04-02 00:00:00+05:30,0.7938665065487752,SELL,0.0469881374210445,1.0,0.0469881374210445,WIN,0.0469881374210445,145520.2322551351,6837.7246707466,152357.95692588174,0.0,0.0469881374210445,0.5,0.02349406871052225
2026-03-12 00:00:00+05:30,SBIN-EQ,1085.2,-0.0334500552893475,0,0,0.3293721724730917,0.6706278275269083,3,2025-09-23 00:00:00+05:30,2026-01-30 00:00:00+05:30,2026-02-01 00:00:00+05:30,2026-04-02 00:00:00+05:30,0.6706278275269083,SELL,0.0334500552893475,1.0,0.0334500552893475,WIN,0.0334500552893475,152357.95692588174,5096.382082942769,157454.3390088245,0.0,0.0334500552893475,0.5,0.01672502764467375
2026-03-12 00:00:00+05:30,SUZLON-EQ,42.43,-0.0315814282347395,0,1,0.7770742114699302,0.2229257885300698,3,2025-09-23 00:00:00+05:30,2026-01-30 00:00:00+05:30,2026-02-01 00:00:00+05:30,2026-04-02 00:00:00+05:30,0.7770742114699302,BUY,-0.0315814282347395,1.0,-0.0315814282347395,LOSS,-0.0315814282347395,157454.3390088245,-4972.632907655535,152481.70610116894,-0.0315814282347396,-0.0315814282347395,0.5,-0.01579071411736975
2026-03-13 00:00:00+05:30,ITC-EQ,301.45,-0.0049759495770442,0,1,0.6677153286318912,0.3322846713681088,3,2025-09-23 00:00:00+05:30,2026-01-30 00:00:00+05:30,2026-02-01 00:00:00+05:30,2026-04-02 00:00:00+05:30,0.6677153286318912,BUY,-0.0049759495770442,1.0,-0.0049759495770442,LOSS,-0.0049759495770442,152481.70610116894,-758.7412809810896,151722.96482018786,-0.0364002302173166,-0.0049759495770442,0.5,-0.0024879747885221
2026-03-13 00:00:00+05:30,SBIN-EQ,1047.0,0.0105062082139446,1,0,0.3192121592945582,0.6807878407054417,3,2025-09-23 00:00:00+05:30,2026-01-30 00:00:00+05:30,2026-02-01 00:00:00+05:30,2026-04-02 00:00:00+05:30,0.6807878407054417,SELL,-0.0105062082139446,1.0,-0.0105062082139446,LOSS,-0.0105062082139446,151722.96482018786,-1594.0330592378853,150128.93176094996,-0.0465240100335627,-0.0105062082139446,0.5,-0.0052531041069723
2026-03-13 00:00:00+05:30,SUZLON-EQ,41.41,0.0130403284230864,1,1,0.7622835560909134,0.2377164439090866,3,2025-09-23 00:00:00+05:30,2026-01-30 00:00:00+05:30,2026-02-01 00:00:00+05:30,2026-04-02 00:00:00+05:30,0.7622835560909134,BUY,0.0130403284230864,1.0,0.0130403284230864,WIN,0.0130403284230864,150128.93176094996,1957.7305759699143,152086.6623369199,-0.0340903699808727,0.0130403284230864,0.5,0.0065201642115432
2026-03-13 00:00:00+05:30,TATAMOTORS-EQ,314.1,0.0,0,0,0.1143656939848958,0.8856343060151042,3,2025-09-23 00:00:00+05:30,2026-01-30 00:00:00+05:30,2026-02-01 00:00:00+05:30,2026-04-02 00:00:00+05:30,0.8856343060151042,SELL,-0.0,1.0,-0.0,FLAT,-0.0,152086.6623369199,-0.0,152086.6623369199,-0.0340903699808727,-0.0,0.5,-0.0
2026-03-16 00:00:00+05:30,SUZLON-EQ,41.01,-0.0260911972689588,0,1,0.7906803545622025,0.2093196454377974,3,2025-09-23 00:00:00+05:30,2026-01-30 00:00:00+05:30,2026-02-01 00:00:00+05:30,2026-04-02 00:00:00+05:30,0.7906803545622025,BUY,-0.0260911972689588,1.0,-0.0260911972689588,LOSS,-0.0260911972689588,152086.6623369199,-3968.1231090101032,148118.5392279098,-0.0592921086816888,-0.0260911972689588,0.5,-0.0130455986344794
2026-03-16 00:00:00+05:30,TATAMOTORS-EQ,314.4,-0.0291030534351144,0,0,0.253603030301965,0.746396969698035,3,2025-09-23 00:00:00+05:30,2026-01-30 00:00:00+05:30,2026-02-01 00:00:00+05:30,2026-04-02 00:00:00+05:30,0.746396969698035,SELL,0.0291030534351144,1.0,0.0291030534351144,WIN,0.0291030534351144,148118.5392279098,4310.701761880947,152429.2409897907,-0.0319146366538182,0.0291030534351144,0.5,0.0145515267175572
2026-03-17 00:00:00+05:30,TATAMOTORS-EQ,319.2,-0.025062656641604,0,0,0.2517799737334844,0.7482200262665156,3,2025-09-23 00:00:00+05:30,2026-01-30 00:00:00+05:30,2026-02-01 00:00:00+05:30,2026-04-02 00:00:00+05:30,0.7482200262665156,SELL,0.025062656641604,1.0,0.025062656641604,WIN,0.025062656641604,152429.2409897907,3820.281729067436,156249.52271885815,-0.0076518455925106,0.025062656641604,0.5,0.012531328320802
2026-03-17 00:00:00+05:30,SBIN-EQ,1064.7,-0.031839954916878,0,0,0.3329342998529812,0.6670657001470188,3,2025-09-23 00:00:00+05:30,2026-01-30 00:00:00+05:30,2026-02-01 00:00:00+05:30,2026-04-02 00:00:00+05:30,0.6670657001470188,SELL,0.031839954916878,1.0,0.031839954916878,WIN,0.031839954916878,156249.52271885815,4974.977759152149,161224.5004780103,0.0,0.031839954916878,0.5,0.015919977458439
2026-03-17 00:00:00+05:30,SUZLON-EQ,41.27,-0.0055730554882482,0,1,0.8068482523941404,0.1931517476058596,3,2025-09-23 00:00:00+05:30,2026-01-30 00:00:00+05:30,2026-02-01 00:00:00+05:30,2026-04-02 00:00:00+05:30,0.8068482523941404,BUY,-0.0055730554882482,1.0,-0.0055730554882482,LOSS,-0.0055730554882482,161224.5004780103,-898.5130872290499,160325.98739078126,-0.0055730554882481,-0.0055730554882482,0.5,-0.0027865277441241
2026-03-17 00:00:00+05:30,ITC-EQ,304.85,-0.0446121043135969,0,1,0.6528929984088009,0.3471070015911991,3,2025-09-23 00:00:00+05:30,2026-01-30 00:00:00+05:30,2026-02-01 00:00:00+05:30,2026-04-02 00:00:00+05:30,0.6528929984088009,BUY,-0.0446121043135969,1.0,-0.0446121043135969,LOSS,-0.0446121043135969,160325.98739078126,-7152.479673657955,153173.5077171233,-0.0499365340690578,-0.0446121043135969,0.5,-0.02230605215679845
2026-03-18 00:00:00+05:30,TATAMOTORS-EQ,324.75,-0.0209391839876829,0,0,0.2790745915024923,0.7209254084975076,3,2025-09-23 00:00:00+05:30,2026-01-30 00:00:00+05:30,2026-02-01 00:00:00+05:30,2026-04-02 00:00:00+05:30,0.7209254084975076,SELL,0.0209391839876829,1.0,0.0209391839876829,WIN,0.0209391839876829,153173.5077171233,3207.328260127612,156380.8359772509,-0.0300429803559542,0.0209391839876829,0.5,0.01046959199384145
2026-03-18 00:00:00+05:30,SUZLON-EQ,42.06,0.0049928673323822,1,1,0.8138825266770664,0.1861174733229336,3,2025-09-23 00:00:00+05:30,2026-01-30 00:00:00+05:30,2026-02-01 00:00:00+05:30,2026-04-02 00:00:00+05:30,0.8138825266770664,BUY,0.0049928673323822,1.0,0.0049928673323822,WIN,0.0049928673323822,156380.8359772509,780.7887673614351,157161.62474461237,-0.0252001136387585,0.0049928673323822,0.5,0.0024964336661911
2026-03-18 00:00:00+05:30,ITC-EQ,304.05,-0.0274625883900675,0,1,0.6759718943571419,0.3240281056428581,3,2025-09-23 00:00:00+05:30,2026-01-30 00:00:00+05:30,2026-02-01 00:00:00+05:30,2026-04-02 00:00:00+05:30,0.6759718943571419,BUY,-0.0274625883900675,1.0,-0.0274625883900675,LOSS,-0.0274625883900675,157161.62474461237,-4316.065011075537,152845.55973353682,-0.0519706416805819,-0.0274625883900675,0.5,-0.01373129419503375
2026-03-19 00:00:00+05:30,SBIN-EQ,1048.9,-0.0280293640957194,0,0,0.3420193111734664,0.6579806888265336,3,2025-09-23 00:00:00+05:30,2026-01-30 00:00:00+05:30,2026-02-01 00:00:00+05:30,2026-04-02 00:00:00+05:30,0.6579806888265336,SELL,0.0280293640957194,1.0,0.0280293640957194,WIN,0.0280293640957194,152845.55973353682,4284.163844185332,157129.72357772215,-0.0253979816228157,0.0280293640957194,0.5,0.0140146820478597
2026-03-19 00:00:00+05:30,SUZLON-EQ,41.09,-0.0065709418349964,0,1,0.7613422305565111,0.2386577694434889,3,2025-09-23 00:00:00+05:30,2026-01-30 00:00:00+05:30,2026-02-01 00:00:00+05:30,2026-04-02 00:00:00+05:30,0.7613422305565111,BUY,-0.0065709418349964,1.0,-0.0065709418349964,LOSS,-0.0065709418349964,157129.72357772215,-1032.4902741782748,156097.23330354388,-0.0318020347978422,-0.0065709418349964,0.5,-0.0032854709174982
2026-03-19 00:00:00+05:30,TATAMOTORS-EQ,309.3,-0.0197219527966376,0,0,0.2383260033351528,0.7616739966648471,3,2025-09-23 00:00:00+05:30,2026-01-30 00:00:00+05:30,2026-02-01 00:00:00+05:30,2026-04-02 00:00:00+05:30,0.7616739966648471,SELL,0.0197219527966376,1.0,0.0197219527966376,WIN,0.0197219527966376,156097.23330354388,3078.542266898219,159175.7755704421,-0.0127072802303246,0.0197219527966376,0.5,0.0098609763983188
2026-03-20 00:00:00+05:30,SUZLON-EQ,41.95,-0.0569725864123956,0,1,0.7814701885565242,0.2185298114434758,3,2025-09-23 00:00:00+05:30,2026-01-30 00:00:00+05:30,2026-02-01 00:00:00+05:30,2026-04-02 00:00:00+05:30,0.7814701885565242,BUY,-0.0569725864123956,1.0,-0.0569725864123956,LOSS,-0.0569725864123956,159175.7755704421,-9068.655628447104,150107.119941995,-0.0689559000217315,-0.0569725864123956,0.5,-0.0284862932061978
2026-03-20 00:00:00+05:30,TATAMOTORS-EQ,314.1,-0.0569882203120026,0,0,0.20829579023602,0.79170420976398,3,2025-09-23 00:00:00+05:30,2026-01-30 00:00:00+05:30,2026-02-01 00:00:00+05:30,2026-04-02 00:00:00+05:30,0.79170420976398,SELL,0.0569882203120026,1.0,0.0569882203120026,WIN,0.0569882203120026,150107.119941995,8554.337621654611,158661.45756364963,-0.0158973537319797,0.0569882203120026,0.5,0.0284941101560013
2026-03-20 00:00:00+05:30,ITC-EQ,299.95,-0.0408401400233372,0,1,0.6992390158913557,0.3007609841086442,3,2025-09-23 00:00:00+05:30,2026-01-30 00:00:00+05:30,2026-02-01 00:00:00+05:30,2026-04-02 00:00:00+05:30,0.6992390158913557,BUY,-0.0408401400233372,1.0,-0.0408401400233372,LOSS,-0.0408401400233372,158661.45756364963,-6479.756143206224,152181.7014204434,-0.0560882436029024,-0.0408401400233372,0.5,-0.0204200700116686
2026-03-23 00:00:00+05:30,TATAMOTORS-EQ,305.25,-0.0075348075348076,0,0,0.2079910677365711,0.7920089322634289,3,2025-09-23 00:00:00+05:30,2026-01-30 00:00:00+05:30,2026-02-01 00:00:00+05:30,2026-04-02 00:00:00+05:30,0.7920089322634289,SELL,0.0075348075348076,1.0,0.0075348075348076,WIN,0.0075348075348076,152181.7014204434,1146.6598305225973,153328.361250966,-0.048976050188608,0.0075348075348076,0.5,0.0037674037674038
2026-03-23 00:00:00+05:30,SUZLON-EQ,39.94,0.029544316474712,1,1,0.7680620062228811,0.2319379937771188,3,2025-09-23 00:00:00+05:30,2026-01-30 00:00:00+05:30,2026-02-01 00:00:00+05:30,2026-04-02 00:00:00+05:30,0.7680620062228811,BUY,0.029544316474712,1.0,0.029544316474712,WIN,0.029544316474712,153328.361250966,4529.981629347508,157858.34288031352,-0.0208786976403496,0.029544316474712,0.5,0.014772158237356
2026-03-24 00:00:00+05:30,TATAMOTORS-EQ,311.2,-0.0253856041131104,0,0,0.2723775310676422,0.7276224689323578,3,2025-09-23 00:00:00+05:30,2026-01-30 00:00:00+05:30,2026-02-01 00:00:00+05:30,2026-04-02 00:00:00+05:30,0.7276224689323578,SELL,0.0253856041131104,1.0,0.0253856041131104,WIN,0.0253856041131104,157858.34288031352,4007.3293983112794,161865.67227862478,0.0,0.0253856041131104,0.5,0.0126928020565552
2026-03-24 00:00:00+05:30,SUZLON-EQ,41.04,-0.006335282651072,0,1,0.7587894873269285,0.2412105126730714,3,2025-09-23 00:00:00+05:30,2026-01-30 00:00:00+05:30,2026-02-01 00:00:00+05:30,2026-04-02 00:00:00+05:30,0.7587894873269285,BUY,-0.006335282651072,1.0,-0.006335282651072,LOSS,-0.006335282651072,161865.67227862478,-1025.4647853908775,160840.2074932339,-0.006335282651072,-0.006335282651072,0.5,-0.003167641325536
2026-03-25 00:00:00+05:30,ITC-EQ,295.7,-0.0028745350016907,0,1,0.6650072293411483,0.3349927706588517,3,2025-09-23 00:00:00+05:30,2026-01-30 00:00:00+05:30,2026-02-01 00:00:00+05:30,2026-04-02 00:00:00+05:30,0.6650072293411483,BUY,-0.0028745350016907,1.0,-0.0028745350016907,LOSS,-0.0028745350016907,160840.2074932339,-462.34080611849566,160377.86668711543,-0.0091916066610364,-0.0028745350016907,0.5,-0.00143726750084535
2026-03-25 00:00:00+05:30,SUZLON-EQ,42.27,-0.016087059380175,0,1,0.6675144032253063,0.3324855967746937,3,2025-09-23 00:00:00+05:30,2026-01-30 00:00:00+05:30,2026-02-01 00:00:00+05:30,2026-04-02 00:00:00+05:30,0.6675144032253063,BUY,-0.016087059380175,1.0,-0.016087059380175,LOSS,-0.016087059380175,160377.86668711543,-2580.008264661416,157797.858422454,-0.0251308001190562,-0.016087059380175,0.5,-0.0080435296900875
2026-03-27 00:00:00+05:30,ITC-EQ,294.7,0.0127248048863251,1,1,0.6979545739827037,0.3020454260172963,3,2025-09-23 00:00:00+05:30,2026-01-30 00:00:00+05:30,2026-02-01 00:00:00+05:30,2026-04-02 00:00:00+05:30,0.6979545739827037,BUY,0.0127248048863251,1.0,0.0127248048863251,WIN,0.0127248048863251,157797.858422454,2007.946959905679,159805.8053823597,-0.0127257797608832,0.0127248048863251,0.5,0.00636240244316255
2026-03-27 00:00:00+05:30,TATAMOTORS-EQ,303.2,0.0181398416886544,1,0,0.265418626851474,0.734581373148526,3,2025-09-23 00:00:00+05:30,2026-01-30 00:00:00+05:30,2026-02-01 00:00:00+05:30,2026-04-02 00:00:00+05:30,0.734581373148526,SELL,-0.0181398416886544,1.0,-0.0181398416886544,LOSS,-0.0181398416886544,159805.8053823597,-2898.85201056392,156906.95337179577,-0.0306347778193106,-0.0181398416886544,0.5,-0.0090699208443272
2026-03-27 00:00:00+05:30,SUZLON-EQ,40.82,0.0178833904948554,1,1,0.6971286116052456,0.3028713883947543,3,2025-09-23 00:00:00+05:30,2026-01-30 00:00:00+05:30,2026-02-01 00:00:00+05:30,2026-04-02 00:00:00+05:30,0.6971286116052456,BUY,0.0178833904948554,1.0,0.0178833904948554,WIN,0.0178833904948554,156906.95337179577,2806.0283185058915,159712.98169030165,-0.0132992410189212,0.0178833904948554,0.5,0.0089416952474277
2026-03-27 00:00:00+05:30,SBIN-EQ,1019.5,0.0106915154487494,1,0,0.3401203163983589,0.6598796836016411,3,2025-09-23 00:00:00+05:30,2026-01-30 00:00:00+05:30,2026-02-01 00:00:00+05:30,2026-04-02 00:00:00+05:30,0.6598796836016411,SELL,-0.0106915154487494,1.0,-0.0106915154487494,LOSS,-0.0106915154487494,159712.98169030165,-1707.57381110769,158005.40787919398,-0.0238485674268599,-0.0106915154487494,0.5,-0.0053457577243747
2026-03-30 00:00:00+05:30,SBIN-EQ,979.4,0.0837757810904635,1,0,0.3226345426256451,0.6773654573743548,3,2025-09-23 00:00:00+05:30,2026-01-30 00:00:00+05:30,2026-02-01 00:00:00+05:30,2026-04-02 00:00:00+05:30,0.6773654573743548,SELL,-0.0837757810904635,1.0,-0.0837757810904635,LOSS,-0.0837757810904635,158005.40787919398,-13237.026461596754,144768.38141759724,-0.1056264161532496,-0.0837757810904635,0.5,-0.04188789054523175
2026-03-30 00:00:00+05:30,SUZLON-EQ,39.56,0.1180485338725985,1,1,0.6501333199888242,0.3498666800111758,3,2025-09-23 00:00:00+05:30,2026-01-30 00:00:00+05:30,2026-02-01 00:00:00+05:30,2026-04-02 00:00:00+05:30,0.6501333199888242,BUY,0.1180485338725985,1.0,0.1180485338725985,WIN,0.1180485338725985,144768.38141759724,17089.695177456488,161858.07659505372,-4.692584575927139e-05,0.1180485338725985,0.5,0.05902426693629925
2026-03-30 00:00:00+05:30,TATAMOTORS-EQ,296.2,0.1301485482781905,1,0,0.2901119279202966,0.7098880720797034,3,2025-09-23 00:00:00+05:30,2026-01-30 00:00:00+05:30,2026-02-01 00:00:00+05:30,2026-04-02 00:00:00+05:30,0.7098880720797034,SELL,-0.1301485482781905,1.0,-0.1301485482781905,LOSS,-0.1301485482781905,161858.07659505372,-21065.593695946405,140792.4828991073,-0.1301893667932475,-0.1301485482781905,0.5,-0.06507427413909525
2026-04-01 00:00:00+05:30,SUZLON-EQ,41.12,0.0756322957198443,1,1,0.6872466079270224,0.3127533920729776,3,2025-09-23 00:00:00+05:30,2026-01-30 00:00:00+05:30,2026-02-01 00:00:00+05:30,2026-04-02 00:00:00+05:30,0.6872466079270224,BUY,0.0756322957198443,1.0,0.0756322957198443,WIN,0.0756322957198443,140792.4828991073,10648.458701756404,151440.94160086373,-0.0644035917622892,0.0756322957198443,0.5,0.03781614785992215
2026-04-06 00:00:00+05:30,ITC-EQ,294.85,0.0128879091063252,1,1,0.6737617370926186,0.3262382629073814,4,2025-09-23 00:00:00+05:30,2026-04-02 00:00:00+05:30,2026-04-06 00:00:00+05:30,2026-06-05 00:00:00+05:30,0.6737617370926186,BUY,0.0128879091063252,1.0,0.0128879091063252,WIN,0.0128879091063252,151440.94160086373,1951.7570903282344,153392.69869119197,-0.0523457102927172,0.0128879091063252,0.5,0.0064439545531626
2026-04-07 00:00:00+05:30,SUZLON-EQ,41.55,0.1824308062575212,1,0,0.3263256650545825,0.6736743349454175,4,2025-09-23 00:00:00+05:30,2026-04-02 00:00:00+05:30,2026-04-06 00:00:00+05:30,2026-06-05 00:00:00+05:30,0.6736743349454175,SELL,-0.1824308062575212,1.0,-0.1824308062575212,LOSS,-0.1824308062575212,153392.69869119197,-27983.55369625117,125409.1449949408,-0.2252270464174155,-0.1824308062575212,0.5,-0.0912154031287606
2026-04-08 00:00:00+05:30,SBIN-EQ,1061.45,0.0053700127184512,1,1,0.7300058240801516,0.2699941759198484,4,2025-09-23 00:00:00+05:30,2026-04-02 00:00:00+05:30,2026-04-06 00:00:00+05:30,2026-06-05 00:00:00+05:30,0.7300058240801516,BUY,0.0053700127184512,1.0,0.0053700127184512,WIN,0.0053700127184512,125409.1449949408,673.4487036329227,126082.59369857374,-0.2210665058027648,0.0053700127184512,0.5,0.0026850063592256
2026-04-09 00:00:00+05:30,RELIANCE-EQ,1330.0,0.0263157894736842,1,0,0.3448542428988098,0.6551457571011902,4,2025-09-23 00:00:00+05:30,2026-04-02 00:00:00+05:30,2026-04-06 00:00:00+05:30,2026-06-05 00:00:00+05:30,0.6551457571011902,SELL,-0.0263157894736842,1.0,-0.0263157894736842,LOSS,-0.0263157894736842,126082.59369857374,-3317.9629920677285,122764.630706506,-0.2415647556500605,-0.0263157894736842,0.5,-0.0131578947368421
2026-04-10 00:00:00+05:30,SBIN-EQ,1066.7,0.0385769194712664,1,1,0.6603355349844643,0.3396644650155357,4,2025-09-23 00:00:00+05:30,2026-04-02 00:00:00+05:30,2026-04-06 00:00:00+05:30,2026-06-05 00:00:00+05:30,0.6603355349844643,BUY,0.0385769194712664,1.0,0.0385769194712664,WIN,0.0385769194712664,122764.630706506,4735.881272684641,127500.51197919066,-0.2123066603046026,0.0385769194712664,0.5,0.0192884597356332
2026-04-16 00:00:00+05:30,ITC-EQ,303.4,0.0062623599208966,1,0,0.3475736143028168,0.6524263856971831,4,2025-09-23 00:00:00+05:30,2026-04-02 00:00:00+05:30,2026-04-06 00:00:00+05:30,2026-06-05 00:00:00+05:30,0.6524263856971831,SELL,-0.0062623599208966,1.0,-0.0062623599208966,LOSS,-0.0062623599208966,127500.51197919066,-798.4540961122804,126702.05788307838,-0.2172394795050682,-0.0062623599208966,0.5,-0.0031311799604483
2026-04-22 00:00:00+05:30,ITC-EQ,305.5,0.0351882160392797,1,0,0.3038321994818218,0.6961678005181782,4,2025-09-23 00:00:00+05:30,2026-04-02 00:00:00+05:30,2026-04-06 00:00:00+05:30,2026-06-05 00:00:00+05:30,0.6961678005181782,SELL,-0.0351882160392797,1.0,-0.0351882160392797,LOSS,-0.0351882160392797,126702.05788307838,-4458.419385411084,122243.6384976673,-0.2447834258072629,-0.0351882160392797,0.5,-0.01759410801963985
2026-04-23 00:00:00+05:30,TATAMOTORS-EQ,351.95,-0.0295496519391958,0,0,0.2364431278871808,0.7635568721128192,4,2025-09-23 00:00:00+05:30,2026-04-02 00:00:00+05:30,2026-04-06 00:00:00+05:30,2026-06-05 00:00:00+05:30,0.7635568721128192,SELL,0.0295496519391958,1.0,0.0295496519391958,WIN,0.0295496519391958,122243.6384976673,3612.256969386945,125855.89546705424,-0.2224670389011557,0.0295496519391958,0.5,0.0147748259695979
2026-04-24 00:00:00+05:30,ITC-EQ,301.6,0.0314986737400531,1,0,0.1991591611054785,0.8008408388945215,4,2025-09-23 00:00:00+05:30,2026-04-02 00:00:00+05:30,2026-04-06 00:00:00+05:30,2026-06-05 00:00:00+05:30,0.8008408388945215,SELL,-0.0314986737400531,1.0,-0.0314986737400531,LOSS,-0.0314986737400531,125855.89546705424,-3964.2937895789696,121891.60167747528,-0.2469582959649455,-0.0314986737400531,0.5,-0.01574933687002655
2026-04-24 00:00:00+05:30,SUZLON-EQ,53.91,0.0194769059543684,1,0,0.3218294731867887,0.6781705268132113,4,2025-09-23 00:00:00+05:30,2026-04-02 00:00:00+05:30,2026-04-06 00:00:00+05:30,2026-06-05 00:00:00+05:30,0.6781705268132113,SELL,-0.0194769059543684,1.0,-0.0194769059543684,LOSS,-0.0194769059543684,121891.60167747528,-2374.0712624995194,119517.53041497576,-0.2616252184141535,-0.0194769059543684,0.5,-0.0097384529771842
2026-04-24 00:00:00+05:30,TATAMOTORS-EQ,350.5,-0.0212553495007132,0,0,0.2648220173304847,0.7351779826695153,4,2025-09-23 00:00:00+05:30,2026-04-02 00:00:00+05:30,2026-04-06 00:00:00+05:30,2026-06-05 00:00:00+05:30,0.7351779826695153,SELL,0.0212553495007132,1.0,0.0212553495007132,WIN,0.0212553495007132,119517.53041497576,2540.3868804324297,122057.9172954082,-0.2459308043690335,0.0212553495007132,0.5,0.0106276747503566
2026-04-27 00:00:00+05:30,TATAMOTORS-EQ,354.35,-0.040073373782983,0,0,0.2964369933033154,0.7035630066966845,4,2025-09-23 00:00:00+05:30,2026-04-02 00:00:00+05:30,2026-04-06 00:00:00+05:30,2026-06-05 00:00:00+05:30,0.7035630066966845,SELL,0.040073373782983,1.0,0.040073373782983,WIN,0.040073373782983,122057.9172954082,4891.272542951318,126949.18983835953,-0.2157127076342805,0.040073373782983,0.5,0.0200366868914915
2026-04-28 00:00:00+05:30,TATAMOTORS-EQ,350.8,0.0209521094640821,1,0,0.258715776504644,0.7412842234953559,4,2025-09-23 00:00:00+05:30,2026-04-02 00:00:00+05:30,2026-04-06 00:00:00+05:30,2026-06-05 00:00:00+05:30,0.7412842234953559,SELL,-0.0209521094640821,1.0,-0.0209521094640821,LOSS,-0.0209521094640821,126949.18983835953,-2659.853321869848,124289.33651648968,-0.2321451808352156,-0.0209521094640821,0.5,-0.01047605473204105
2026-04-29 00:00:00+05:30,TATAMOTORS-EQ,352.7,0.0185710235327474,1,0,0.1919153988533861,0.8080846011466138,4,2025-09-23 00:00:00+05:30,2026-04-02 00:00:00+05:30,2026-04-06 00:00:00+05:30,2026-06-05 00:00:00+05:30,0.8080846011466138,SELL,-0.0185710235327474,1.0,-0.0185710235327474,LOSS,-0.0185710235327474,124289.33651648968,-2308.1801933172906,121981.15632317238,-0.2464050307516584,-0.0185710235327474,0.5,-0.0092855117663737
2026-04-30 00:00:00+05:30,TATAMOTORS-EQ,341.55,0.0406968233055189,1,0,0.2770498726732825,0.7229501273267175,4,2025-09-23 00:00:00+05:30,2026-04-02 00:00:00+05:30,2026-04-06 00:00:00+05:30,2026-06-05 00:00:00+05:30,0.7229501273267175,SELL,-0.0406968233055189,1.0,-0.0406968233055189,LOSS,-0.0406968233055189,121981.15632317238,-4964.245565487026,117016.91075768536,-0.277073952059086,-0.0406968233055189,0.5,-0.02034841165275945
2026-05-04 00:00:00+05:30,TATAMOTORS-EQ,343.05,0.0085993295437982,1,0,0.2061513116691938,0.7938486883308061,4,2025-09-23 00:00:00+05:30,2026-04-02 00:00:00+05:30,2026-04-06 00:00:00+05:30,2026-06-05 00:00:00+05:30,0.7938486883308061,SELL,-0.0085993295437982,1.0,-0.0085993295437982,LOSS,-0.0085993295437982,117016.91075768536,-1006.2669778025612,116010.6437798828,-0.2832906313811255,-0.0085993295437982,0.5,-0.0042996647718991
2026-05-05 00:00:00+05:30,SUZLON-EQ,54.85,-0.0607110300820419,0,0,0.3298789974115148,0.6701210025884852,4,2025-09-23 00:00:00+05:30,2026-04-02 00:00:00+05:30,2026-04-06 00:00:00+05:30,2026-06-05 00:00:00+05:30,0.6701210025884852,SELL,0.0607110300820419,1.0,0.0607110300820419,WIN,0.0607110300820419,116010.6437798828,7043.125684357512,123053.76946424034,-0.2397784673428238,0.0607110300820419,0.5,0.03035551504102095
2026-05-05 00:00:00+05:30,TATAMOTORS-EQ,340.15,-0.0097016022343082,0,0,0.2514375718808128,0.7485624281191872,4,2025-09-23 00:00:00+05:30,2026-04-02 00:00:00+05:30,2026-04-06 00:00:00+05:30,2026-06-05 00:00:00+05:30,0.7485624281191872,SELL,0.0097016022343082,1.0,0.0097016022343082,WIN,0.0097016022343082,123053.76946424034,1193.81872477432,124247.58818901464,-0.2324031004230278,0.0097016022343082,0.5,0.0048508011171541
2026-05-06 00:00:00+05:30,ITC-EQ,310.7,-0.020115867396202,0,0,0.3443461694664765,0.6556538305335236,4,2025-09-23 00:00:00+05:30,2026-04-02 00:00:00+05:30,2026-04-06 00:00:00+05:30,2026-06-05 00:00:00+05:30,0.6556538305335236,SELL,0.020115867396202,1.0,0.020115867396202,WIN,0.020115867396202,124247.58818901464,2499.3480083081326,126746.93619732278,-0.2169622229774016,0.020115867396202,0.5,0.010057933698101
2026-05-07 00:00:00+05:30,ITC-EQ,307.4,-0.0006506180871828,0,0,0.2257654078763661,0.7742345921236339,4,2025-09-23 00:00:00+05:30,2026-04-02 00:00:00+05:30,2026-04-06 00:00:00+05:30,2026-06-05 00:00:00+05:30,0.7742345921236339,SELL,0.0006506180871828,1.0,0.0006506180871828,WIN,0.0006506180871828,126746.93619732278,82.46384918498254,126829.40004650776,-0.2164527644367233,0.0006506180871828,0.5,0.0003253090435914
2026-05-07 00:00:00+05:30,RELIANCE-EQ,1436.2,-0.0518033700041777,0,0,0.3440643703437175,0.6559356296562825,4,2025-09-23 00:00:00+05:30,2026-04-02 00:00:00+05:30,2026-04-06 00:00:00+05:30,2026-06-05 00:00:00+05:30,0.6559356296562825,SELL,0.0518033700041777,1.0,0.0518033700041777,WIN,0.0518033700041777,126829.40004650776,6570.190338017113,133399.5903845249,-0.1758623770770881,0.0518033700041777,0.5,0.02590168500208885
2026-05-08 00:00:00+05:30,SUZLON-EQ,54.97,-0.0205566672730579,0,0,0.263751709738303,0.736248290261697,4,2025-09-23 00:00:00+05:30,2026-04-02 00:00:00+05:30,2026-04-06 00:00:00+05:30,2026-06-05 00:00:00+05:30,0.736248290261697,SELL,0.0205566672730579,1.0,0.0205566672730579,WIN,0.0205566672730579,133399.5903845249,2742.2509938968924,136141.84137842178,-0.1589208541754529,0.0205566672730579,0.5,0.01027833363652895
2026-05-08 00:00:00+05:30,ITC-EQ,307.45,0.0065051227841925,1,0,0.2547291452710827,0.7452708547289173,4,2025-09-23 00:00:00+05:30,2026-04-02 00:00:00+05:30,2026-04-06 00:00:00+05:30,2026-06-05 00:00:00+05:30,0.7452708547289173,SELL,-0.0065051227841925,1.0,-0.0065051227841925,LOSS,-0.0065051227841925,136141.84137842178,-885.6193942326929,135256.2219841891,-0.1643921772902654,-0.0065051227841925,0.5,-0.00325256139209625
2026-05-11 00:00:00+05:30,TATAMOTORS-EQ,346.0,0.0206647398843931,1,0,0.3250382393698029,0.6749617606301971,4,2025-09-23 00:00:00+05:30,2026-04-02 00:00:00+05:30,2026-04-06 00:00:00+05:30,2026-06-05 00:00:00+05:30,0.6749617606301971,SELL,-0.0206647398843931,1.0,-0.0206647398843931,LOSS,-0.0206647398843931,135256.2219841891,-2795.0346450489988,132461.1873391401,-0.1816597955919261,-0.0206647398843931,0.5,-0.01033236994219655
2026-05-11 00:00:00+05:30,SUZLON-EQ,53.3,-0.0009380863039398,0,0,0.3331347343837675,0.6668652656162324,4,2025-09-23 00:00:00+05:30,2026-04-02 00:00:00+05:30,2026-04-06 00:00:00+05:30,2026-06-05 00:00:00+05:30,0.6668652656162324,SELL,0.0009380863039398,1.0,0.0009380863039398,WIN,0.0009380863039398,132461.1873391401,124.26002564645135,132585.44736478658,-0.1808921218542074,0.0009380863039398,0.5,0.0004690431519699
2026-05-11 00:00:00+05:30,ITC-EQ,305.85,0.0140591793362758,1,0,0.3102296910196873,0.6897703089803127,4,2025-09-23 00:00:00+05:30,2026-04-02 00:00:00+05:30,2026-04-06 00:00:00+05:30,2026-06-05 00:00:00+05:30,0.6897703089803127,SELL,-0.0140591793362758,1.0,-0.0140591793362758,LOSS,-0.0140591793362758,132585.44736478658,-1864.0425818818903,130721.40478290468,-0.1924081064088155,-0.0140591793362758,0.5,-0.0070295896681379
2026-05-11 00:00:00+05:30,RELIANCE-EQ,1388.2,-0.0376746866445756,0,0,0.2498373862731727,0.7501626137268272,4,2025-09-23 00:00:00+05:30,2026-04-02 00:00:00+05:30,2026-04-06 00:00:00+05:30,2026-06-05 00:00:00+05:30,0.7501626137268272,SELL,0.0376746866445756,1.0,0.0376746866445756,WIN,0.0376746866445756,130721.40478290468,4924.88796293466,135646.29274583934,-0.1619823348810682,0.0376746866445756,0.5,0.0188373433222878
2026-05-12 00:00:00+05:30,TATAMOTORS-EQ,336.85,0.0722873682648062,1,0,0.3497762701288784,0.6502237298711215,4,2025-09-23 00:00:00+05:30,2026-04-02 00:00:00+05:30,2026-04-06 00:00:00+05:30,2026-06-05 00:00:00+05:30,0.6502237298711215,SELL,-0.0722873682648062,1.0,-0.0722873682648062,LOSS,-0.0722873682648062,135646.29274583934,-9805.513517474195,125840.77922836514,-0.2225604264519335,-0.0722873682648062,0.5,-0.0361436841324031
2026-05-12 00:00:00+05:30,ITC-EQ,300.7,0.0319255071499835,1,0,0.331415812930671,0.668584187069329,4,2025-09-23 00:00:00+05:30,2026-04-02 00:00:00+05:30,2026-04-06 00:00:00+05:30,2026-06-05 00:00:00+05:30,0.668584187069329,SELL,-0.0319255071499835,1.0,-0.0319255071499835,LOSS,-0.0319255071499835,125840.77922836514,-4017.5306970146657,121823.24853135047,-0.2473805791159224,-0.0319255071499835,0.5,-0.01596275357499175
2026-05-12 00:00:00+05:30,RELIANCE-EQ,1364.0,-0.0302785923753665,0,0,0.3216533548912317,0.6783466451087683,4,2025-09-23 00:00:00+05:30,2026-04-02 00:00:00+05:30,2026-04-06 00:00:00+05:30,2026-06-05 00:00:00+05:30,0.6783466451087683,SELL,0.0302785923753665,1.0,0.0302785923753665,WIN,0.0302785923753665,121823.24853135047,3688.6364841237264,125511.8850154742,-0.2245923224571889,0.0302785923753665,0.5,0.01513929618768325
2026-05-13 00:00:00+05:30,ITC-EQ,304.45,0.0101822959435047,1,0,0.3465215999213891,0.6534784000786109,4,2025-09-23 00:00:00+05:30,2026-04-02 00:00:00+05:30,2026-04-06 00:00:00+05:30,2026-06-05 00:00:00+05:30,0.6534784000786109,SELL,-0.0101822959435047,1.0,-0.0101822959435047,LOSS,-0.0101822959435047,125511.8850154742,-1277.9991576546915,124233.88585781952,-0.2324877529067955,-0.0101822959435047,0.5,-0.00509114797175235
2026-05-13 00:00:00+05:30,RELIANCE-EQ,1358.8,0.0006623491315866,1,0,0.2443298661710427,0.7556701338289572,4,2025-09-23 00:00:00+05:30,2026-04-02 00:00:00+05:30,2026-04-06 00:00:00+05:30,2026-06-05 00:00:00+05:30,0.7556701338289572,SELL,-0.0006623491315866,1.0,-0.0006623491315866,LOSS,-0.0006623491315866,124233.88585781952,-82.28620641155555,124151.59965140796,-0.2329961139771398,-0.0006623491315866,0.5,-0.0003311745657933
2026-05-13 00:00:00+05:30,TATAMOTORS-EQ,336.85,0.0724358022858837,1,0,0.2336474157679812,0.7663525842320188,4,2025-09-23 00:00:00+05:30,2026-04-02 00:00:00+05:30,2026-04-06 00:00:00+05:30,2026-06-05 00:00:00+05:30,0.7663525842320188,SELL,-0.0724358022858837,1.0,-0.0724358022858837,LOSS,-0.0724358022858837,124151.59965140796,-8993.020725825574,115158.5789255824,-0.2885546558175962,-0.0724358022858837,0.5,-0.03621790114294185
2026-05-14 00:00:00+05:30,TATAMOTORS-EQ,338.75,0.0667158671586716,1,0,0.2159868177350419,0.7840131822649581,4,2025-09-23 00:00:00+05:30,2026-04-02 00:00:00+05:30,2026-04-06 00:00:00+05:30,2026-06-05 00:00:00+05:30,0.7840131822649581,SELL,-0.0667158671586716,1.0,-0.0667158671586716,LOSS,-0.0667158671586716,115158.5789255824,-7682.904453780554,107475.67447180185,-0.3360193488907248,-0.0667158671586716,0.5,-0.0333579335793358
2026-05-14 00:00:00+05:30,RELIANCE-EQ,1361.8,-0.0089587310912028,0,0,0.2819917276202681,0.7180082723797319,4,2025-09-23 00:00:00+05:30,2026-04-02 00:00:00+05:30,2026-04-06 00:00:00+05:30,2026-06-05 00:00:00+05:30,0.7180082723797319,SELL,0.0089587310912028,1.0,0.0089587310912028,WIN,0.0089587310912028,107475.67447180185,962.8456664385222,108438.52013824036,-0.3300709247876751,0.0089587310912028,0.5,0.0044793655456014
2026-05-14 00:00:00+05:30,SBIN-EQ,979.9,-0.0295948566180223,0,0,0.3451276655550507,0.6548723344449493,4,2025-09-23 00:00:00+05:30,2026-04-02 00:00:00+05:30,2026-04-06 00:00:00+05:30,2026-06-05 00:00:00+05:30,0.6548723344449493,SELL,0.0295948566180223,1.0,0.0295948566180223,WIN,0.0295948566180223,108438.52013824036,3209.222455361747,111647.74259360207,-0.3102444698625222,0.0295948566180223,0.5,0.01479742830901115
2026-05-14 00:00:00+05:30,SUZLON-EQ,53.47,-0.0112212455582569,0,0,0.3188754522724472,0.6811245477275528,4,2025-09-23 00:00:00+05:30,2026-04-02 00:00:00+05:30,2026-04-06 00:00:00+05:30,2026-06-05 00:00:00+05:30,0.6811245477275528,SELL,0.0112212455582569,1.0,0.0112212455582569,WIN,0.0112212455582569,111647.74259360207,1252.826735667867,112900.56932926996,-0.3025045536836839,0.0112212455582569,0.5,0.00561062277912845
2026-05-15 00:00:00+05:30,RELIANCE-EQ,1336.4,0.0135438491469619,1,0,0.2648959463270662,0.7351040536729339,4,2025-09-23 00:00:00+05:30,2026-04-02 00:00:00+05:30,2026-04-06 00:00:00+05:30,2026-06-05 00:00:00+05:30,0.7351040536729339,SELL,-0.0135438491469619,1.0,-0.0135438491469619,LOSS,-0.0135438491469619,112900.56932926996,-1529.1082796017456,111371.4610496682,-0.3119513267892849,-0.0135438491469619,0.5,-0.00677192457348095
2026-05-15 00:00:00+05:30,SUZLON-EQ,53.84,-0.0016716196136702,0,0,0.322582569914043,0.677417430085957,4,2025-09-23 00:00:00+05:30,2026-04-02 00:00:00+05:30,2026-04-06 00:00:00+05:30,2026-06-05 00:00:00+05:30,0.677417430085957,SELL,0.0016716196136702,1.0,0.0016716196136702,WIN,0.0016716196136702,111371.4610496682,186.17071869373208,111557.63176836193,-0.3108011711319862,0.0016716196136702,0.5,0.0008358098068351
2026-05-15 00:00:00+05:30,TATAMOTORS-EQ,356.55,0.0190716589538635,1,0,0.3459236908565045,0.6540763091434956,4,2025-09-23 00:00:00+05:30,2026-04-02 00:00:00+05:30,2026-04-06 00:00:00+05:30,2026-06-05 00:00:00+05:30,0.6540763091434956,SELL,-0.0190716589538635,1.0,-0.0190716589538635,LOSS,-0.0190716589538635,111557.63176836193,-2127.589106786887,109430.04266157503,-0.3239453361475591,-0.0190716589538635,0.5,-0.00953582947693175
2026-05-18 00:00:00+05:30,RELIANCE-EQ,1335.9,0.0232801856426378,1,0,0.3268533837210755,0.6731466162789246,4,2025-09-23 00:00:00+05:30,2026-04-02 00:00:00+05:30,2026-04-06 00:00:00+05:30,2026-06-05 00:00:00+05:30,0.6731466162789246,SELL,-0.0232801856426378,1.0,-0.0232801856426378,LOSS,-0.0232801856426378,109430.04266157503,-2547.551708043241,106882.4909535318,-0.339684014226615,-0.0232801856426378,0.5,-0.0116400928213189
2026-05-18 00:00:00+05:30,SUZLON-EQ,53.25,0.0138967136150234,1,0,0.2402218066131082,0.7597781933868918,4,2025-09-23 00:00:00+05:30,2026-04-02 00:00:00+05:30,2026-04-06 00:00:00+05:30,2026-06-05 00:00:00+05:30,0.7597781933868918,SELL,-0.0138967136150234,1.0,-0.0138967136150234,LOSS,-0.0138967136150234,106882.4909535318,-1485.3153672415608,105397.17558629022,-0.3488602363763297,-0.0138967136150234,0.5,-0.0069483568075117
2026-05-19 00:00:00+05:30,RELIANCE-EQ,1322.7,0.0254025856203219,1,0,0.3310588326374635,0.6689411673625365,4,2025-09-23 00:00:00+05:30,2026-04-02 00:00:00+05:30,2026-04-06 00:00:00+05:30,2026-06-05 00:00:00+05:30,0.6689411673625365,SELL,-0.0254025856203219,1.0,-0.0254025856203219,LOSS,-0.0254025856203219,105397.17558629022,-2677.3607769708383,102719.81480931936,-0.3654008699725762,-0.0254025856203219,0.5,-0.01270129281016095
2026-05-19 00:00:00+05:30,SUZLON-EQ,52.91,0.0315630315630315,1,0,0.2230982802303042,0.7769017197696957,4,2025-09-23 00:00:00+05:30,2026-04-02 00:00:00+05:30,2026-04-06 00:00:00+05:30,2026-06-05 00:00:00+05:30,0.7769017197696957,SELL,-0.0315630315630315,1.0,-0.0315630315630315,LOSS,-0.0315630315630315,102719.81480931936,-3242.148756975298,99477.66605234408,-0.3854307423435041,-0.0315630315630315,0.5,-0.01578151578151575
2026-05-20 00:00:00+05:30,SUZLON-EQ,52.57,0.0943503899562487,1,0,0.2358084625206124,0.7641915374793875,4,2025-09-23 00:00:00+05:30,2026-04-02 00:00:00+05:30,2026-04-06 00:00:00+05:30,2026-06-05 00:00:00+05:30,0.7641915374793875,SELL,-0.0943503899562487,1.0,-0.0943503899562487,LOSS,-0.0943503899562487,99477.66605234408,-9385.756583976146,90091.90946836791,-0.4434155914585168,-0.0943503899562487,0.5,-0.04717519497812435
2026-05-21 00:00:00+05:30,ITC-EQ,308.05,-0.0686576854406753,0,0,0.3000207677046074,0.6999792322953926,4,2025-09-23 00:00:00+05:30,2026-04-02 00:00:00+05:30,2026-04-06 00:00:00+05:30,2026-06-05 00:00:00+05:30,0.6999792322953926,SELL,0.0686576854406753,1.0,0.0686576854406753,WIN,0.0686576854406753,90091.90946836791,6185.501981029001,96277.41144939694,-0.4052017942156912,0.0686576854406753,0.5,0.03432884272033765
2026-05-21 00:00:00+05:30,SUZLON-EQ,52.87,0.0779269907319841,1,0,0.2389450595089612,0.7610549404910387,4,2025-09-23 00:00:00+05:30,2026-04-02 00:00:00+05:30,2026-04-06 00:00:00+05:30,2026-06-05 00:00:00+05:30,0.7610549404910387,SELL,-0.0779269907319841,1.0,-0.0779269907319841,LOSS,-0.0779269907319841,96277.41144939694,-7502.608949716575,88774.80249968036,-0.4515526284852459,-0.0779269907319841,0.5,-0.03896349536599205
2026-05-22 00:00:00+05:30,ITC-EQ,301.7,-0.0730858468677494,0,0,0.2946793253134434,0.7053206746865566,4,2025-09-23 00:00:00+05:30,2026-04-02 00:00:00+05:30,2026-04-06 00:00:00+05:30,2026-06-05 00:00:00+05:30,0.7053206746865566,SELL,0.0730858468677494,1.0,0.0730858468677494,WIN,0.0730858468677494,88774.80249968036,6488.181621206335,95262.98412088669,-0.411468887875699,0.0730858468677494,0.5,0.0365429234338747
2026-05-22 00:00:00+05:30,SUZLON-EQ,53.75,0.0033488372093022,1,0,0.3111011541351479,0.6888988458648521,4,2025-09-23 00:00:00+05:30,2026-04-02 00:00:00+05:30,2026-04-06 00:00:00+05:30,2026-06-05 00:00:00+05:30,0.6888988458648521,SELL,-0.0033488372093022,1.0,-0.0033488372093022,LOSS,-0.0033488372093022,95262.98412088669,-319.02022589318995,94943.96389499347,-0.4134397827628129,-0.0033488372093022,0.5,-0.0016744186046511
2026-05-25 00:00:00+05:30,ITC-EQ,303.95,-0.068103306464879,0,0,0.2789109105104339,0.7210890894895661,4,2025-09-23 00:00:00+05:30,2026-04-02 00:00:00+05:30,2026-04-06 00:00:00+05:30,2026-06-05 00:00:00+05:30,0.7210890894895661,SELL,0.068103306464879,1.0,0.068103306464879,WIN,0.068103306464879,94943.96389499347,6465.997870131148,101409.96176512464,-0.3734930925282026,0.068103306464879,0.5,0.0340516532324395
2026-05-25 00:00:00+05:30,SUZLON-EQ,53.99,0.009816632709761,1,0,0.2612030819474008,0.7387969180525993,4,2025-09-23 00:00:00+05:30,2026-04-02 00:00:00+05:30,2026-04-06 00:00:00+05:30,2026-06-05 00:00:00+05:30,0.7387969180525993,SELL,-0.009816632709761,1.0,-0.009816632709761,LOSS,-0.009816632709761,101409.96176512464,-995.504347759135,100414.45741736551,-0.3796432807289814,-0.009816632709761,0.5,-0.0049083163548805
2026-05-26 00:00:00+05:30,ITC-EQ,301.65,-0.0817172219459637,0,0,0.3327936539588939,0.6672063460411062,4,2025-09-23 00:00:00+05:30,2026-04-02 00:00:00+05:30,2026-04-06 00:00:00+05:30,2026-06-05 00:00:00+05:30,0.6672063460411062,SELL,0.0817172219459637,1.0,0.0817172219459637,WIN,0.0817172219459637,100414.45741736551,8205.59050335838,108620.04792072393,-0.3289494530146417,0.0817172219459637,0.5,0.04085861097298185
2026-05-27 00:00:00+05:30,ITC-EQ,291.95,-0.039904093166638,0,0,0.3133544467608036,0.6866455532391964,4,2025-09-23 00:00:00+05:30,2026-04-02 00:00:00+05:30,2026-04-06 00:00:00+05:30,2026-06-05 00:00:00+05:30,0.6866455532391964,SELL,0.039904093166638,1.0,0.039904093166638,WIN,0.039904093166638,108620.04792072393,4334.384511993251,112954.43243271716,-0.3021717894682146,0.039904093166638,0.5,0.019952046583319
2026-06-02 00:00:00+05:30,SUZLON-EQ,54.52,0.0130227439471752,1,0,0.3481128185814521,0.6518871814185478,4,2025-09-23 00:00:00+05:30,2026-04-02 00:00:00+05:30,2026-04-06 00:00:00+05:30,2026-06-05 00:00:00+05:30,0.6518871814185478,SELL,-0.0130227439471752,1.0,-0.0130227439471752,LOSS,-0.0130227439471752,112954.43243271716,-1470.9766512697772,111483.45578144737,-0.3112594275730855,-0.0130227439471752,0.5,-0.0065113719735876
2026-06-03 00:00:00+05:30,SUZLON-EQ,54.4,-0.0058823529411764,0,0,0.2861498160240461,0.7138501839759539,4,2025-09-23 00:00:00+05:30,2026-04-02 00:00:00+05:30,2026-04-06 00:00:00+05:30,2026-06-05 00:00:00+05:30,0.7138501839759539,SELL,0.0058823529411764,1.0,0.0058823529411764,WIN,0.0058823529411764,111483.45578144737,655.785034008506,112139.24081545588,-0.3072080124411626,0.0058823529411764,0.5,0.0029411764705882
2026-06-04 00:00:00+05:30,TATAMOTORS-EQ,399.7,-0.0595446584938704,0,0,0.3338356516215455,0.6661643483784545,4,2025-09-23 00:00:00+05:30,2026-04-02 00:00:00+05:30,2026-04-06 00:00:00+05:30,2026-06-05 00:00:00+05:30,0.6661643483784545,SELL,0.0595446584938704,1.0,0.0595446584938704,WIN,0.0595446584938704,112139.24081545588,6677.292798118214,118816.5336135741,-0.2659559501346819,0.0595446584938704,0.5,0.0297723292469352
2026-06-05 00:00:00+05:30,SUZLON-EQ,55.31,-0.0041583800397758,0,0,0.3196035401574935,0.6803964598425065,4,2025-09-23 00:00:00+05:30,2026-04-02 00:00:00+05:30,2026-04-06 00:00:00+05:30,2026-06-05 00:00:00+05:30,0.6803964598425065,SELL,0.0041583800397758,1.0,0.0041583800397758,WIN,0.0041583800397758,118816.5336135741,494.084301774037,119310.61791534812,-0.2629035160094057,0.0041583800397758,0.5,0.0020791900198879
2026-06-05 00:00:00+05:30,TATAMOTORS-EQ,397.8,-0.0196078431372549,0,0,0.323780851631784,0.676219148368216,4,2025-09-23 00:00:00+05:30,2026-04-02 00:00:00+05:30,2026-04-06 00:00:00+05:30,2026-06-05 00:00:00+05:30,0.676219148368216,SELL,0.0196078431372549,1.0,0.0196078431372549,WIN,0.0196078431372549,119310.61791534812,2339.4238806931003,121650.0417960412,-0.2484506437742962,0.0196078431372549,0.5,0.00980392156862745
2026-06-09 00:00:00+05:30,SBIN-EQ,1002.7,0.012566071606662,1,1,0.7132599895310673,0.2867400104689327,5,2025-09-23 00:00:00+05:30,2026-06-05 00:00:00+05:30,2026-06-08 00:00:00+05:30,2026-08-05 00:00:00+05:30,0.7132599895310673,BUY,0.012566071606662,1.0,0.012566071606662,WIN,0.012566071606662,121650.0417960412,1528.6631361624788,123178.70493220368,-0.2390066207480232,0.012566071606662,0.5,0.006283035803331
2026-06-10 00:00:00+05:30,SBIN-EQ,1003.25,0.0231746822825815,1,1,0.6771043043925438,0.3228956956074562,5,2025-09-23 00:00:00+05:30,2026-06-05 00:00:00+05:30,2026-06-08 00:00:00+05:30,2026-08-05 00:00:00+05:30,0.6771043043925438,BUY,0.0231746822825815,1.0,0.0231746822825815,WIN,0.0231746822825815,123178.70493220368,2854.627350783675,126033.33228298737,-0.2213708409647106,0.0231746822825815,0.5,0.01158734114129075
2026-06-10 00:00:00+05:30,TATAMOTORS-EQ,381.0,-0.0526246719160105,0,0,0.3132919465618273,0.6867080534381726,5,2025-09-23 00:00:00+05:30,2026-06-05 00:00:00+05:30,2026-06-08 00:00:00+05:30,2026-08-05 00:00:00+05:30,0.6867080534381726,SELL,0.0526246719160105,1.0,0.0526246719160105,WIN,0.0526246719160105,126033.33228298737,6632.462761873745,132665.79504486112,-0.1803957369262393,0.0526246719160105,0.5,0.02631233595800525
2026-06-11 00:00:00+05:30,SUZLON-EQ,53.29,0.0966410208294239,1,0,0.260103512486674,0.739896487513326,5,2025-09-23 00:00:00+05:30,2026-06-05 00:00:00+05:30,2026-06-08 00:00:00+05:30,2026-08-05 00:00:00+05:30,0.739896487513326,SELL,-0.0966410208294239,1.0,-0.0966410208294239,LOSS,-0.0966410208294239,132665.79504486112,-12820.957862282505,119844.83718257862,-0.2596031295858352,-0.0966410208294239,0.5,-0.04832051041471195
2026-06-12 00:00:00+05:30,TATAMOTORS-EQ,390.0,-0.0782051282051282,0,0,0.3383031040611258,0.6616968959388742,5,2025-09-23 00:00:00+05:30,2026-06-05 00:00:00+05:30,2026-06-08 00:00:00+05:30,2026-08-05 00:00:00+05:30,0.6616968959388742,SELL,0.0782051282051282,1.0,0.0782051282051282,WIN,0.0782051282051282,119844.83718257862,9372.480856586277,129217.31803916488,-0.2017002974124199,0.0782051282051282,0.5,0.0391025641025641
2026-06-12 00:00:00+05:30,SBIN-EQ,1017.15,0.0176473479821068,1,1,0.6807101011165854,0.3192898988834146,5,2025-09-23 00:00:00+05:30,2026-06-05 00:00:00+05:30,2026-06-08 00:00:00+05:30,2026-08-05 00:00:00+05:30,0.6807101011165854,BUY,0.0176473479821068,1.0,0.0176473479821068,WIN,0.0176473479821068,129217.31803916488,2280.3429767517086,131497.6610159166,-0.1876124247668444,0.0176473479821068,0.5,0.0088236739910534
2026-06-15 00:00:00+05:30,TATAMOTORS-EQ,396.4,-0.088042381432896,0,0,0.3329038119135636,0.6670961880864363,5,2025-09-23 00:00:00+05:30,2026-06-05 00:00:00+05:30,2026-06-08 00:00:00+05:30,2026-08-05 00:00:00+05:30,0.6670961880864363,SELL,0.088042381432896,1.0,0.088042381432896,WIN,0.088042381432896,131497.6610159166,11577.367228696989,143075.0282446136,-0.1160878879968212,0.088042381432896,0.5,0.044021190716448
2026-06-16 00:00:00+05:30,ITC-EQ,291.65,-0.0056574661409222,0,1,0.6567795903703452,0.3432204096296548,5,2025-09-23 00:00:00+05:30,2026-06-05 00:00:00+05:30,2026-06-08 00:00:00+05:30,2026-08-05 00:00:00+05:30,0.6567795903703452,BUY,-0.0056574661409222,1.0,-0.0056574661409222,LOSS,-0.0056574661409222,143075.0282446136,-809.4421279053889,142265.5861167082,-0.1210885908420303,-0.0056574661409222,0.5,-0.0028287330704611
2026-06-17 00:00:00+05:30,TATAMOTORS-EQ,360.95,-0.0311677517661725,0,0,0.3357863577322424,0.6642136422677576,5,2025-09-23 00:00:00+05:30,2026-06-05 00:00:00+05:30,2026-06-08 00:00:00+05:30,2026-08-05 00:00:00+05:30,0.6642136422677576,SELL,0.0311677517661725,1.0,0.0311677517661725,WIN,0.0311677517661725,142265.5861167082,4434.098472954598,146699.68458966282,-0.0936948982169377,0.0311677517661725,0.5,0.01558387588308625
2026-06-18 00:00:00+05:30,RELIANCE-EQ,1328.1,-0.0075295534974776,0,1,0.681339870183739,0.318660129816261,5,2025-09-23 00:00:00+05:30,2026-06-05 00:00:00+05:30,2026-06-08 00:00:00+05:30,2026-08-05 00:00:00+05:30,0.681339870183739,BUY,-0.0075295534974776,1.0,-0.0075295534974776,LOSS,-0.0075295534974776,146699.68458966282,-1104.5831231809566,145595.10146648186,-0.1005189709658502,-0.0075295534974776,0.5,-0.0037647767487388
2026-06-18 00:00:00+05:30,TATAMOTORS-EQ,364.65,-0.0313999725764431,0,0,0.3325405776679421,0.6674594223320579,5,2025-09-23 00:00:00+05:30,2026-06-05 00:00:00+05:30,2026-06-08 00:00:00+05:30,2026-08-05 00:00:00+05:30,0.6674594223320579,SELL,0.0313999725764431,1.0,0.0313999725764431,WIN,0.0313999725764431,145595.10146648186,4571.682193311981,150166.78365979384,-0.0722752913211471,0.0313999725764431,0.5,0.01569998628822155
2026-06-19 00:00:00+05:30,TATAMOTORS-EQ,359.5,-0.0401947148817801,0,0,0.2466946527438048,0.7533053472561951,5,2025-09-23 00:00:00+05:30,2026-06-05 00:00:00+05:30,2026-06-08 00:00:00+05:30,2026-08-05 00:00:00+05:30,0.7533053472561951,SELL,0.0401947148817801,1.0,0.0401947148817801,WIN,0.0401947148817801,150166.78365979384,6035.911053919368,156202.69471371322,-0.034985661167018,0.0401947148817801,0.5,0.02009735744089005
2026-06-22 00:00:00+05:30,TATAMOTORS-EQ,361.5,-0.0257261410788381,0,0,0.2335792532495999,0.7664207467504001,5,2025-09-23 00:00:00+05:30,2026-06-05 00:00:00+05:30,2026-06-08 00:00:00+05:30,2026-08-05 00:00:00+05:30,0.7664207467504001,SELL,0.0257261410788381,1.0,0.0257261410788381,WIN,0.0257261410788381,156202.69471371322,4018.4925610996647,160221.18727481287,-0.0101595661430993,0.0257261410788381,0.5,0.01286307053941905
2026-06-23 00:00:00+05:30,TATAMOTORS-EQ,354.55,-0.0190382174587505,0,0,0.2058873427061433,0.7941126572938567,5,2025-09-23 00:00:00+05:30,2026-06-05 00:00:00+05:30,2026-06-08 00:00:00+05:30,2026-08-05 00:00:00+05:30,0.7941126572938567,SELL,0.0190382174587505,1.0,0.0190382174587505,WIN,0.0190382174587505,160221.18727481287,3050.325804837076,163271.51307964994,0.0,0.0190382174587505,0.5,0.00951910872937525
2026-06-24 00:00:00+05:30,TATAMOTORS-EQ,349.7,-0.0107234772662282,0,0,0.3225396222196718,0.6774603777803282,5,2025-09-23 00:00:00+05:30,2026-06-05 00:00:00+05:30,2026-06-08 00:00:00+05:30,2026-08-05 00:00:00+05:30,0.6774603777803282,SELL,0.0107234772662282,1.0,0.0107234772662282,WIN,0.0107234772662282,163271.51307964994,1750.8383587323062,165022.35143838223,0.0,0.0107234772662282,0.5,0.0053617386331141
2026-06-24 00:00:00+05:30,SUZLON-EQ,57.91,-0.0041443619409428,0,0,0.22200239902445,0.77799760097555,5,2025-09-23 00:00:00+05:30,2026-06-05 00:00:00+05:30,2026-06-08 00:00:00+05:30,2026-08-05 00:00:00+05:30,0.77799760097555,SELL,0.0041443619409428,1.0,0.0041443619409428,WIN,0.0041443619409428,165022.35143838223,683.9123527061187,165706.2637910883,0.0,0.0041443619409428,0.5,0.0020721809704714
2026-06-25 00:00:00+05:30,SUZLON-EQ,57.14,-0.004725236261813,0,0,0.2679248337362699,0.73207516626373,5,2025-09-23 00:00:00+05:30,2026-06-05 00:00:00+05:30,2026-06-08 00:00:00+05:30,2026-08-05 00:00:00+05:30,0.73207516626373,SELL,0.004725236261813,1.0,0.004725236261813,WIN,0.004725236261813,165706.2637910883,783.0012464752011,166489.26503756354,0.0,0.004725236261813,0.5,0.0023626181309065
2026-06-29 00:00:00+05:30,TATAMOTORS-EQ,345.05,0.0057962614113895,1,0,0.3300288510847936,0.6699711489152065,5,2025-09-23 00:00:00+05:30,2026-06-05 00:00:00+05:30,2026-06-08 00:00:00+05:30,2026-08-05 00:00:00+05:30,0.6699711489152065,SELL,-0.0057962614113895,1.0,-0.0057962614113895,LOSS,-0.0057962614113895,166489.26503756354,-965.0153023478288,165524.2497352157,-0.0057962614113895,-0.0057962614113895,0.5,-0.00289813070569475
2026-06-29 00:00:00+05:30,SUZLON-EQ,57.21,-0.0304142632406921,0,0,0.26693122513533,0.73306877486467,5,2025-09-23 00:00:00+05:30,2026-06-05 00:00:00+05:30,2026-06-08 00:00:00+05:30,2026-08-05 00:00:00+05:30,0.73306877486467,SELL,0.0304142632406921,1.0,0.0304142632406921,WIN,0.0304142632406921,165524.2497352157,5034.29810416491,170558.54783938063,0.0,0.0304142632406921,0.5,0.01520713162034605
2026-06-30 00:00:00+05:30,SUZLON-EQ,58.9,-0.0767402376910015,0,0,0.308533112709802,0.691466887290198,5,2025-09-23 00:00:00+05:30,2026-06-05 00:00:00+05:30,2026-06-08 00:00:00+05:30,2026-08-05 00:00:00+05:30,0.691466887290198,SELL,0.0767402376910015,1.0,0.0767402376910015,WIN,0.0767402376910015,170558.54783938063,13088.703501426118,183647.25134080675,0.0,0.0767402376910015,0.5,0.03837011884550075
2026-07-02 00:00:00+05:30,SUZLON-EQ,57.67,-0.0688399514478931,0,0,0.3236506890421039,0.6763493109578961,5,2025-09-23 00:00:00+05:30,2026-06-05 00:00:00+05:30,2026-06-08 00:00:00+05:30,2026-08-05 00:00:00+05:30,0.6763493109578961,SELL,0.0688399514478931,1.0,0.0688399514478931,WIN,0.0688399514478931,183647.25134080675,12642.267865840156,196289.5192066469,0.0,0.0688399514478931,0.5,0.03441997572394655
2026-07-06 00:00:00+05:30,SBIN-EQ,1037.7,-0.0006745687578298,0,1,0.6795751923826824,0.3204248076173176,5,2025-09-23 00:00:00+05:30,2026-06-05 00:00:00+05:30,2026-06-08 00:00:00+05:30,2026-08-05 00:00:00+05:30,0.6795751923826824,BUY,-0.0006745687578298,1.0,-0.0006745687578298,LOSS,-0.0006745687578298,196289.5192066469,-132.41077714623646,196157.10842950063,-0.0006745687578297,-0.0006745687578298,0.5,-0.0003372843789149
2026-07-06 00:00:00+05:30,SUZLON-EQ,55.47,-0.0414638543356769,0,0,0.3301825912951668,0.6698174087048332,5,2025-09-23 00:00:00+05:30,2026-06-05 00:00:00+05:30,2026-06-08 00:00:00+05:30,2026-08-05 00:00:00+05:30,0.6698174087048332,SELL,0.0414638543356769,1.0,0.0414638543356769,WIN,0.0414638543356769,196157.10842950063,8133.429770828394,204290.53820032903,0.0,0.0414638543356769,0.5,0.02073192716783845
2026-07-07 00:00:00+05:30,SUZLON-EQ,54.38,-0.0351232070614196,0,0,0.2439995731987653,0.7560004268012347,5,2025-09-23 00:00:00+05:30,2026-06-05 00:00:00+05:30,2026-06-08 00:00:00+05:30,2026-08-05 00:00:00+05:30,0.7560004268012347,SELL,0.0351232070614196,1.0,0.0351232070614196,WIN,0.0351232070614196,204290.53820032903,7175.338873899009,211465.87707422805,0.0,0.0351232070614196,0.5,0.0175616035307098
2026-07-08 00:00:00+05:30,SUZLON-EQ,53.13,-0.0133634481460568,0,0,0.330290082480821,0.669709917519179,5,2025-09-23 00:00:00+05:30,2026-06-05 00:00:00+05:30,2026-06-08 00:00:00+05:30,2026-08-05 00:00:00+05:30,0.669709917519179,SELL,0.0133634481460568,1.0,0.0133634481460568,WIN,0.0133634481460568,211465.87707422805,2825.913282941868,214291.7903571699,0.0,0.0133634481460568,0.5,0.0066817240730284
2026-07-08 00:00:00+05:30,ITC-EQ,280.65,-0.0142526278282558,0,0,0.3145711664297945,0.6854288335702055,5,2025-09-23 00:00:00+05:30,2026-06-05 00:00:00+05:30,2026-06-08 00:00:00+05:30,2026-08-05 00:00:00+05:30,0.6854288335702055,SELL,0.0142526278282558,1.0,0.0142526278282558,WIN,0.0142526278282558,214291.7903571699,3054.2211346113577,217346.01149178125,0.0,0.0142526278282558,0.5,0.0071263139141279
2026-07-09 00:00:00+05:30,SUZLON-EQ,53.7,-0.0322160148975791,0,0,0.2677968816192689,0.7322031183807312,5,2025-09-23 00:00:00+05:30,2026-06-05 00:00:00+05:30,2026-06-08 00:00:00+05:30,2026-08-05 00:00:00+05:30,0.7322031183807312,SELL,0.0322160148975791,1.0,0.0322160148975791,WIN,0.0322160148975791,217346.01149178125,7002.022344148623,224348.0338359299,0.0,0.0322160148975791,0.5,0.01610800744878955
2026-07-10 00:00:00+05:30,SUZLON-EQ,53.92,-0.035793768545994,0,0,0.2562221175216993,0.7437778824783007,5,2025-09-23 00:00:00+05:30,2026-06-05 00:00:00+05:30,2026-06-08 00:00:00+05:30,2026-08-05 00:00:00+05:30,0.7437778824783007,SELL,0.035793768545994,1.0,0.035793768545994,WIN,0.035793768545994,224348.0338359299,8030.261596872105,232378.29543280203,0.0,0.035793768545994,0.5,0.017896884272997
2026-07-13 00:00:00+05:30,SUZLON-EQ,53.17,-0.001504607861576,0,0,0.2658927805980915,0.7341072194019085,5,2025-09-23 00:00:00+05:30,2026-06-05 00:00:00+05:30,2026-06-08 00:00:00+05:30,2026-08-05 00:00:00+05:30,0.7341072194019085,SELL,0.001504607861576,1.0,0.001504607861576,WIN,0.001504607861576,232378.29543280203,349.63821016782424,232727.93364296985,0.0,0.001504607861576,0.5,0.000752303930788
2026-07-14 00:00:00+05:30,SUZLON-EQ,52.47,0.0133409567371831,1,0,0.3010027793928663,0.6989972206071338,5,2025-09-23 00:00:00+05:30,2026-06-05 00:00:00+05:30,2026-06-08 00:00:00+05:30,2026-08-05 00:00:00+05:30,0.6989972206071338,SELL,-0.0133409567371831,1.0,-0.0133409567371831,LOSS,-0.0133409567371831,232727.93364296985,-3104.8132942648795,229623.12034870492,-0.013340956737183,-0.0133409567371831,0.5,-0.00667047836859155
2026-07-31 00:00:00+05:30,SBIN-EQ,1027.4,0.0679384854973719,1,1,0.666354627494989,0.333645372505011,5,2025-09-23 00:00:00+05:30,2026-06-05 00:00:00+05:30,2026-06-08 00:00:00+05:30,2026-08-05 00:00:00+05:30,0.666354627494989,BUY,0.0679384854973719,1.0,0.0679384854973719,WIN,0.0679384854973719,229623.12034870492,15600.247031671774,245223.3673803768,0.0,0.0679384854973719,0.5,0.03396924274868595
2026-07-31 00:00:00+05:30,SUZLON-EQ,48.01,0.0029160591543428,1,0,0.3208446053174317,0.6791553946825682,5,2025-09-23 00:00:00+05:30,2026-06-05 00:00:00+05:30,2026-06-08 00:00:00+05:30,2026-08-05 00:00:00+05:30,0.6791553946825682,SELL,-0.0029160591543428,1.0,-0.0029160591543428,LOSS,-0.0029160591543428,245223.3673803768,-715.0858453083152,244508.28153506844,-0.0029160591543427,-0.0029160591543428,0.5,-0.0014580295771714
2026-08-03 00:00:00+05:30,SUZLON-EQ,48.1,-0.0124740124740124,0,0,0.2788404949747743,0.7211595050252257,5,2025-09-23 00:00:00+05:30,2026-06-05 00:00:00+05:30,2026-06-08 00:00:00+05:30,2026-08-05 00:00:00+05:30,0.7211595050252257,SELL,0.0124740124740124,1.0,0.0124740124740124,WIN,0.0124740124740124,244508.28153506844,3049.9993538677795,247558.28088893625,0.0,0.0124740124740124,0.5,0.0062370062370062
2026-08-04 00:00:00+05:30,SBIN-EQ,1042.7,0.0223458329337296,1,1,0.6651617849102262,0.3348382150897738,5,2025-09-23 00:00:00+05:30,2026-06-05 00:00:00+05:30,2026-06-08 00:00:00+05:30,2026-08-05 00:00:00+05:30,0.6651617849102262,BUY,0.0223458329337296,1.0,0.0223458329337296,WIN,0.0223458329337296,247558.28088893625,5531.895986105474,253090.1768750417,0.0,0.0223458329337296,0.5,0.0111729164668648
2026-08-05 00:00:00+05:30,SBIN-EQ,1055.0,0.024170616113744,1,1,0.7394922688048794,0.2605077311951206,5,2025-09-23 00:00:00+05:30,2026-06-05 00:00:00+05:30,2026-06-08 00:00:00+05:30,2026-08-05 00:00:00+05:30,0.7394922688048794,BUY,0.024170616113744,1.0,0.024170616113744,WIN,0.024170616113744,253090.1768750417,6117.345507406202,259207.52238244796,0.0,0.024170616113744,0.5,0.012085308056872
