Symbol,LTP,SMMA20,SMMA120,RSI,Signal,Confidence,Reason,Historical Rows,Scan Time
SPORTKING-EQ,203.53,196.77,142.7,50.74,BUY,100.0,Close above SMMA20; SMMA20 above SMMA120; RSI bullish range,168,2026-08-12 19:45:05
BANKADD-EQ,59.17,58.58,58.48,54.78,BUY,100.0,Close above SMMA20; SMMA20 above SMMA120; RSI bullish range,168,2026-08-12 19:45:08
KRBL-EQ,373.2,363.62,355.93,56.72,BUY,100.0,Close above SMMA20; SMMA20 above SMMA120; RSI bullish range,168,2026-08-12 19:45:09
AMBUJACEM-EQ,422.0,432.28,467.87,43.12,SELL,100.0,Close below SMMA20; SMMA20 below SMMA120; RSI bearish range,168,2026-08-12 19:45:15
GREENPANEL-EQ,176.66,193.51,205.46,31.97,SELL,100.0,Close below SMMA20; SMMA20 below SMMA120; RSI bearish range,168,2026-08-12 19:45:18
GSEC10IETF-EQ,266.05,263.46,260.17,56.3,BUY,100.0,Close above SMMA20; SMMA20 above SMMA120; RSI bullish range,153,2026-08-12 19:45:21
FINPIPE-EQ,161.35,167.24,172.57,42.19,SELL,100.0,Close below SMMA20; SMMA20 below SMMA120; RSI bearish range,168,2026-08-12 19:45:22
INDORAMA-EQ,57.34,51.89,43.21,57.48,BUY,100.0,Close above SMMA20; SMMA20 above SMMA120; RSI bullish range,168,2026-08-12 19:45:27
ENIL-EQ,101.31,106.87,110.49,33.39,SELL,100.0,Close below SMMA20; SMMA20 below SMMA120; RSI bearish range,168,2026-08-12 19:45:32
MALUPAPER-EQ,31.56,32.22,32.61,45.66,SELL,100.0,Close below SMMA20; SMMA20 below SMMA120; RSI bearish range,168,2026-08-12 19:45:35
EMAMILTD-EQ,397.25,408.17,445.68,44.02,SELL,100.0,Close below SMMA20; SMMA20 below SMMA120; RSI bearish range,168,2026-08-12 19:45:38
TARC-EQ,128.53,129.05,138.28,48.11,SELL,100.0,Close below SMMA20; SMMA20 below SMMA120; RSI bearish range,168,2026-08-12 19:45:42
ADSL-EQ,113.75,118.06,123.28,41.17,SELL,100.0,Close below SMMA20; SMMA20 below SMMA120; RSI bearish range,168,2026-08-12 19:45:43
MADHAV-EQ,34.27,35.29,36.98,45.84,SELL,100.0,Close below SMMA20; SMMA20 below SMMA120; RSI bearish range,168,2026-08-12 19:45:45
RATNAVEER-EQ,210.01,187.95,164.42,66.01,BUY,100.0,Close above SMMA20; SMMA20 above SMMA120; RSI bullish range,168,2026-08-12 19:45:46
KECL-EQ,145.3,129.42,107.95,61.58,BUY,100.0,Close above SMMA20; SMMA20 above SMMA120; RSI bullish range,168,2026-08-12 19:45:48
RACE-EQ,101.0,109.88,117.45,34.9,SELL,100.0,Close below SMMA20; SMMA20 below SMMA120; RSI bearish range,168,2026-08-12 19:45:49
ANDHRAPAP-EQ,59.4,61.66,64.07,39.52,SELL,100.0,Close below SMMA20; SMMA20 below SMMA120; RSI bearish range,168,2026-08-12 19:45:51
KAVDEFENCE-EQ,58.59,59.63,64.23,48.46,SELL,100.0,Close below SMMA20; SMMA20 below SMMA120; RSI bearish range,168,2026-08-12 19:46:00
VASCONEQ-EQ,31.26,33.23,37.2,40.25,SELL,100.0,Close below SMMA20; SMMA20 below SMMA120; RSI bearish range,168,2026-08-12 19:46:02
RBLBANK-EQ,388.8,371.18,333.02,62.21,BUY,100.0,Close above SMMA20; SMMA20 above SMMA120; RSI bullish range,168,2026-08-12 19:46:10
SANDUMA-EQ,202.89,206.87,211.39,45.09,SELL,100.0,Close below SMMA20; SMMA20 below SMMA120; RSI bearish range,168,2026-08-12 19:46:11
MVGJL-EQ,156.4,161.23,164.02,43.61,SELL,100.0,Close below SMMA20; SMMA20 below SMMA120; RSI bearish range,168,2026-08-12 19:46:13
NMDC-EQ,85.62,85.4,84.02,52.8,BUY,100.0,Close above SMMA20; SMMA20 above SMMA120; RSI bullish range,168,2026-08-12 19:46:14
PAKKA-EQ,70.75,74.86,87.45,37.08,SELL,100.0,Close below SMMA20; SMMA20 below SMMA120; RSI bearish range,168,2026-08-12 19:46:15
PURVA-EQ,210.5,215.35,218.33,44.22,SELL,100.0,Close below SMMA20; SMMA20 below SMMA120; RSI bearish range,168,2026-08-12 19:46:17
SUMIT-EQ,52.35,50.26,50.21,53.04,BUY,100.0,Close above SMMA20; SMMA20 above SMMA120; RSI bullish range,168,2026-08-12 19:46:19
TRIVENI-EQ,242.24,323.84,371.14,30.66,SELL,100.0,Close below SMMA20; SMMA20 below SMMA120; RSI bearish range,168,2026-08-12 19:46:21
IOLCP-EQ,158.42,149.8,106.34,54.32,BUY,100.0,Close above SMMA20; SMMA20 above SMMA120; RSI bullish range,168,2026-08-12 19:46:22
EVEREADY-EQ,353.7,350.74,330.44,50.73,BUY,100.0,Close above SMMA20; SMMA20 above SMMA120; RSI bullish range,168,2026-08-12 19:46:24
RADHIKAJWE-EQ,72.24,65.21,64.99,65.84,BUY,100.0,Close above SMMA20; SMMA20 above SMMA120; RSI bullish range,168,2026-08-12 19:46:32
TEAMGTY-EQ,220.01,228.37,254.01,45.02,SELL,100.0,Close below SMMA20; SMMA20 below SMMA120; RSI bearish range,167,2026-08-12 19:46:38
AURUM-EQ,224.97,219.28,191.32,52.09,BUY,100.0,Close above SMMA20; SMMA20 above SMMA120; RSI bullish range,168,2026-08-12 19:46:39
MNC-EQ,34.86,33.79,32.21,66.99,BUY,100.0,Close above SMMA20; SMMA20 above SMMA120; RSI bullish range,168,2026-08-12 19:46:40
GUJENERGY-EQ,274.35,296.22,361.59,40.83,SELL,100.0,Close below SMMA20; SMMA20 below SMMA120; RSI bearish range,168,2026-08-12 19:46:42
JINDWORLD-EQ,36.74,34.54,28.5,53.59,BUY,100.0,Close above SMMA20; SMMA20 above SMMA120; RSI bullish range,168,2026-08-12 19:46:43
CASTROLIND-EQ,188.38,186.25,184.94,53.73,BUY,100.0,Close above SMMA20; SMMA20 above SMMA120; RSI bullish range,168,2026-08-12 19:46:46
OAL-EQ,365.0,356.1,306.13,50.5,BUY,100.0,Close above SMMA20; SMMA20 above SMMA120; RSI bullish range,168,2026-08-12 19:46:47
AYMSYNTEX-EQ,254.2,240.47,205.07,59.58,BUY,100.0,Close above SMMA20; SMMA20 above SMMA120; RSI bullish range,168,2026-08-12 19:46:49
RAMRAT-EQ,473.95,429.42,367.48,64.06,BUY,100.0,Close above SMMA20; SMMA20 above SMMA120; RSI bullish range,168,2026-08-12 19:46:52
JYOTHYLAB-EQ,200.27,203.17,229.63,46.55,SELL,100.0,Close below SMMA20; SMMA20 below SMMA120; RSI bearish range,168,2026-08-12 19:46:53
BALPHARMA-EQ,90.94,86.34,78.13,57.39,BUY,100.0,Close above SMMA20; SMMA20 above SMMA120; RSI bullish range,168,2026-08-12 19:46:54
M&MFIN-EQ,395.85,359.15,341.34,60.95,BUY,100.0,Close above SMMA20; SMMA20 above SMMA120; RSI bullish range,168,2026-08-12 19:46:56
TALBROAUTO-EQ,417.35,399.51,318.5,54.61,BUY,100.0,Close above SMMA20; SMMA20 above SMMA120; RSI bullish range,168,2026-08-12 19:46:57
RHL-EQ,169.25,174.18,182.84,44.38,SELL,100.0,Close below SMMA20; SMMA20 below SMMA120; RSI bearish range,168,2026-08-12 19:47:00
VGL-EQ,60.14,62.81,64.74,37.97,SELL,100.0,Close below SMMA20; SMMA20 below SMMA120; RSI bearish range,168,2026-08-12 19:47:01
LOWVOL-EQ,210.75,207.82,206.03,55.62,BUY,100.0,Close above SMMA20; SMMA20 above SMMA120; RSI bullish range,165,2026-08-12 19:47:04
SUVEN-EQ,330.55,308.0,218.76,55.86,BUY,100.0,Close above SMMA20; SMMA20 above SMMA120; RSI bullish range,168,2026-08-12 19:47:05
SALSTEEL-EQ,63.05,58.17,50.28,59.67,BUY,100.0,Close above SMMA20; SMMA20 above SMMA120; RSI bullish range,168,2026-08-12 19:47:07
NDLVENTURE-EQ,128.79,128.19,115.22,51.43,BUY,100.0,Close above SMMA20; SMMA20 above SMMA120; RSI bullish range,168,2026-08-12 19:47:11
AMDIND-EQ,51.18,46.93,45.04,64.4,BUY,100.0,Close above SMMA20; SMMA20 above SMMA120; RSI bullish range,168,2026-08-12 19:47:13
NAHARSPING-EQ,304.5,284.06,234.1,58.69,BUY,100.0,Close above SMMA20; SMMA20 above SMMA120; RSI bullish range,168,2026-08-12 19:47:16
RAMKY-EQ,387.7,399.61,459.68,45.64,SELL,100.0,Close below SMMA20; SMMA20 below SMMA120; RSI bearish range,168,2026-08-12 19:47:22
MUFIN-EQ,135.4,129.68,118.49,60.17,BUY,100.0,Close above SMMA20; SMMA20 above SMMA120; RSI bullish range,168,2026-08-12 19:47:25
JSWINFRA-EQ,346.6,323.34,284.74,62.63,BUY,100.0,Close above SMMA20; SMMA20 above SMMA120; RSI bullish range,168,2026-08-12 19:47:29
SSWL-EQ,312.5,277.6,223.86,67.47,BUY,100.0,Close above SMMA20; SMMA20 above SMMA120; RSI bullish range,168,2026-08-12 19:47:31
LLOYDSENGG-EQ,92.41,87.08,64.37,54.87,BUY,100.0,Close above SMMA20; SMMA20 above SMMA120; RSI bullish range,168,2026-08-12 19:47:34
IRMENERGY-EQ,293.65,271.19,258.32,67.15,BUY,100.0,Close above SMMA20; SMMA20 above SMMA120; RSI bullish range,168,2026-08-12 19:47:36
HISARMETAL-EQ,149.0,151.63,155.04,46.75,SELL,100.0,Close below SMMA20; SMMA20 below SMMA120; RSI bearish range,168,2026-08-12 19:47:45
BIGBLOC-EQ,45.87,47.67,53.8,41.92,SELL,100.0,Close below SMMA20; SMMA20 below SMMA120; RSI bearish range,168,2026-08-12 19:47:46
SHANKARA-EQ,141.5,135.14,118.56,60.7,BUY,100.0,Close above SMMA20; SMMA20 above SMMA120; RSI bullish range,168,2026-08-12 19:47:53
SETF10GILT-EQ,266.79,264.47,260.49,59.69,BUY,100.0,Close above SMMA20; SMMA20 above SMMA120; RSI bullish range,168,2026-08-12 19:47:56
ARENTERP-EQ,37.29,38.43,40.18,46.93,SELL,100.0,Close below SMMA20; SMMA20 below SMMA120; RSI bearish range,167,2026-08-12 19:47:57
WIPL-EQ,167.9,166.66,156.13,50.09,BUY,100.0,Close above SMMA20; SMMA20 above SMMA120; RSI bullish range,168,2026-08-12 19:48:00
ZAGGLE-EQ,201.71,208.0,246.89,42.92,SELL,100.0,Close below SMMA20; SMMA20 below SMMA120; RSI bearish range,168,2026-08-12 19:48:03
VBL-EQ,438.7,466.28,473.33,38.14,SELL,100.0,Close below SMMA20; SMMA20 below SMMA120; RSI bearish range,168,2026-08-12 19:48:06
JKPAPER-EQ,388.9,377.27,357.6,55.4,BUY,100.0,Close above SMMA20; SMMA20 above SMMA120; RSI bullish range,168,2026-08-12 19:48:10
PENIND-EQ,159.7,164.4,166.46,41.04,SELL,100.0,Close below SMMA20; SMMA20 below SMMA120; RSI bearish range,168,2026-08-12 19:48:11
PARKHOTELS-EQ,119.24,122.36,122.76,41.83,SELL,100.0,Close below SMMA20; SMMA20 below SMMA120; RSI bearish range,168,2026-08-12 19:48:13
MBAPL-EQ,165.99,142.38,107.54,68.97,BUY,100.0,Close above SMMA20; SMMA20 above SMMA120; RSI bullish range,168,2026-08-12 19:48:22
SULA-EQ,151.0,157.15,171.68,41.97,SELL,100.0,Close below SMMA20; SMMA20 below SMMA120; RSI bearish range,168,2026-08-12 19:48:27
JKTYRE-EQ,386.0,399.53,438.53,42.05,SELL,100.0,Close below SMMA20; SMMA20 below SMMA120; RSI bearish range,168,2026-08-12 19:48:29
ABSLBANETF-EQ,59.45,58.69,58.56,56.54,BUY,100.0,Close above SMMA20; SMMA20 above SMMA120; RSI bullish range,168,2026-08-12 19:48:32
IEX-EQ,125.0,125.75,127.46,47.09,SELL,100.0,Close below SMMA20; SMMA20 below SMMA120; RSI bearish range,168,2026-08-12 19:48:38
ALPA-EQ,67.17,68.0,68.57,46.19,SELL,100.0,Close below SMMA20; SMMA20 below SMMA120; RSI bearish range,168,2026-08-12 19:48:41
SUNTECK-EQ,292.7,307.69,344.28,38.75,SELL,100.0,Close below SMMA20; SMMA20 below SMMA120; RSI bearish range,168,2026-08-12 19:48:44
JKIL-EQ,491.35,492.35,515.53,49.5,SELL,100.0,Close below SMMA20; SMMA20 below SMMA120; RSI bearish range,168,2026-08-12 19:48:47
PARAGMILK-EQ,215.79,223.46,233.27,42.26,SELL,100.0,Close below SMMA20; SMMA20 below SMMA120; RSI bearish range,168,2026-08-12 19:48:54
UDS-EQ,209.8,197.1,173.5,59.97,BUY,100.0,Close above SMMA20; SMMA20 above SMMA120; RSI bullish range,168,2026-08-12 19:48:55
EMULTIMQ-EQ,42.2,41.5,41.21,61.7,BUY,100.0,Close above SMMA20; SMMA20 above SMMA120; RSI bullish range,168,2026-08-12 19:48:58
NKIND-EQ,60.25,62.1,64.17,47.24,SELL,100.0,Close below SMMA20; SMMA20 below SMMA120; RSI bearish range,165,2026-08-12 19:49:02
HINDWAREAP-EQ,205.0,225.82,230.67,31.71,SELL,100.0,Close below SMMA20; SMMA20 below SMMA120; RSI bearish range,168,2026-08-12 19:49:05
OMINFRAL-EQ,88.29,88.44,88.75,49.39,SELL,100.0,Close below SMMA20; SMMA20 below SMMA120; RSI bearish range,168,2026-08-12 19:49:08
PATANJALI-EQ,350.8,376.81,460.87,36.38,SELL,100.0,Close below SMMA20; SMMA20 below SMMA120; RSI bearish range,168,2026-08-12 19:49:09
UNITEDTEA-EQ,461.0,479.38,493.83,39.85,SELL,100.0,Close below SMMA20; SMMA20 below SMMA120; RSI bearish range,168,2026-08-12 19:49:11
PROZONER-EQ,41.7,44.43,49.9,39.88,SELL,100.0,Close below SMMA20; SMMA20 below SMMA120; RSI bearish range,168,2026-08-12 19:49:13
NEXT50IETF-EQ,78.61,76.59,73.35,66.85,BUY,100.0,Close above SMMA20; SMMA20 above SMMA120; RSI bullish range,168,2026-08-12 19:49:15
RCF-EQ,124.11,127.86,129.71,38.61,SELL,100.0,Close below SMMA20; SMMA20 below SMMA120; RSI bearish range,168,2026-08-12 19:49:16
MASTERTR-EQ,78.51,82.36,87.86,39.93,SELL,100.0,Close below SMMA20; SMMA20 below SMMA120; RSI bearish range,168,2026-08-12 19:49:17
KREBSBIO-EQ,54.74,56.52,59.46,46.71,SELL,100.0,Close below SMMA20; SMMA20 below SMMA120; RSI bearish range,168,2026-08-12 19:49:19
UCAL-EQ,116.25,114.66,107.78,50.28,BUY,100.0,Close above SMMA20; SMMA20 above SMMA120; RSI bullish range,168,2026-08-12 19:49:20
SWANCORP-EQ,307.7,313.87,358.52,44.34,SELL,100.0,Close below SMMA20; SMMA20 below SMMA120; RSI bearish range,168,2026-08-12 19:49:23
GPPL-EQ,149.79,151.59,161.99,46.23,SELL,100.0,Close below SMMA20; SMMA20 below SMMA120; RSI bearish range,168,2026-08-12 19:49:27
MAHLOG-EQ,410.0,395.67,370.22,55.71,BUY,100.0,Close above SMMA20; SMMA20 above SMMA120; RSI bullish range,168,2026-08-12 19:49:33
HONASA-EQ,467.4,448.45,355.07,58.72,BUY,100.0,Close above SMMA20; SMMA20 above SMMA120; RSI bullish range,168,2026-08-12 19:49:38
DHARMAJ-EQ,280.2,266.71,254.6,65.81,BUY,100.0,Close above SMMA20; SMMA20 above SMMA120; RSI bullish range,168,2026-08-12 19:49:40
GPIL-EQ,228.99,250.86,263.98,30.13,SELL,100.0,Close below SMMA20; SMMA20 below SMMA120; RSI bearish range,168,2026-08-12 19:49:41
SUNTV-EQ,478.2,502.28,548.74,33.48,SELL,100.0,Close below SMMA20; SMMA20 below SMMA120; RSI bearish range,168,2026-08-12 19:49:42
PLASTIBLEN-EQ,201.48,187.92,165.01,62.51,BUY,100.0,Close above SMMA20; SMMA20 above SMMA120; RSI bullish range,168,2026-08-12 19:49:44
SAGCEM-EQ,175.85,176.4,185.22,49.88,SELL,100.0,Close below SMMA20; SMMA20 below SMMA120; RSI bearish range,168,2026-08-12 19:49:47
MEESHO-EQ,191.89,186.22,174.53,56.46,BUY,100.0,Close above SMMA20; SMMA20 above SMMA120; RSI bullish range,166,2026-08-12 19:49:51
ROHLTD-EQ,308.0,320.36,344.54,39.69,SELL,100.0,Close below SMMA20; SMMA20 below SMMA120; RSI bearish range,168,2026-08-12 19:49:52
ELIN-EQ,99.0,102.79,124.56,45.98,SELL,100.0,Close below SMMA20; SMMA20 below SMMA120; RSI bearish range,168,2026-08-12 19:49:54
GOKULAGRO-EQ,236.6,220.9,200.11,66.37,BUY,100.0,Close above SMMA20; SMMA20 above SMMA120; RSI bullish range,168,2026-08-12 19:49:56
MOM100-EQ,68.91,67.46,64.81,62.48,BUY,100.0,Close above SMMA20; SMMA20 above SMMA120; RSI bullish range,168,2026-08-12 19:50:00
WORTHPERI-EQ,157.13,143.72,137.1,64.77,BUY,100.0,Close above SMMA20; SMMA20 above SMMA120; RSI bullish range,168,2026-08-12 19:50:03
WSI-EQ,58.07,62.83,71.8,34.74,SELL,100.0,Close below SMMA20; SMMA20 below SMMA120; RSI bearish range,168,2026-08-12 19:50:16
EDELWEISS-EQ,118.9,118.22,113.95,51.39,BUY,100.0,Close above SMMA20; SMMA20 above SMMA120; RSI bullish range,168,2026-08-12 19:50:17
LORDSCHLO-EQ,137.02,141.33,142.18,43.53,SELL,100.0,Close below SMMA20; SMMA20 below SMMA120; RSI bearish range,168,2026-08-12 19:50:18
DELTACORP-EQ,60.71,64.12,65.3,35.04,SELL,100.0,Close below SMMA20; SMMA20 below SMMA120; RSI bearish range,168,2026-08-12 19:50:20
AJMERA-EQ,117.48,126.25,137.8,37.19,SELL,100.0,Close below SMMA20; SMMA20 below SMMA120; RSI bearish range,168,2026-08-12 19:50:23
EPACK-EQ,212.22,232.64,245.13,30.05,SELL,100.0,Close below SMMA20; SMMA20 below SMMA120; RSI bearish range,168,2026-08-12 19:50:28
IKIO-EQ,214.9,194.27,164.52,61.91,BUY,100.0,Close above SMMA20; SMMA20 above SMMA120; RSI bullish range,168,2026-08-12 19:50:31
AGRITECH-EQ,107.1,111.75,121.89,42.13,SELL,100.0,Close below SMMA20; SMMA20 below SMMA120; RSI bearish range,168,2026-08-12 19:50:38
PODDARMENT-EQ,261.0,253.25,248.16,54.13,BUY,100.0,Close above SMMA20; SMMA20 above SMMA120; RSI bullish range,168,2026-08-12 19:50:39
HUHTAMAKI-EQ,278.4,253.29,200.61,55.46,BUY,100.0,Close above SMMA20; SMMA20 above SMMA120; RSI bullish range,168,2026-08-12 19:50:42
HEIDELBERG-EQ,155.99,156.05,159.95,49.68,SELL,100.0,Close below SMMA20; SMMA20 below SMMA120; RSI bearish range,168,2026-08-12 19:50:43
OSWALAGRO-EQ,37.38,40.4,46.68,39.16,SELL,100.0,Close below SMMA20; SMMA20 below SMMA120; RSI bearish range,168,2026-08-12 19:50:45
KIOCL-EQ,395.4,381.48,370.06,59.88,BUY,100.0,Close above SMMA20; SMMA20 above SMMA120; RSI bullish range,168,2026-08-12 19:50:53
KARURVYSYA-EQ,338.8,321.0,295.23,60.47,BUY,100.0,Close above SMMA20; SMMA20 above SMMA120; RSI bullish range,168,2026-08-12 19:50:59
INTENTECH-EQ,81.44,90.21,100.71,34.9,SELL,100.0,Close below SMMA20; SMMA20 below SMMA120; RSI bearish range,168,2026-08-12 19:51:00
MAXESTATES-EQ,422.0,413.74,410.62,54.87,BUY,100.0,Close above SMMA20; SMMA20 above SMMA120; RSI bullish range,168,2026-08-12 19:51:03
UGARSUGAR-EQ,44.15,41.85,40.28,56.25,BUY,100.0,Close above SMMA20; SMMA20 above SMMA120; RSI bullish range,168,2026-08-12 19:51:06
UFLEX-EQ,496.0,460.2,446.2,68.05,BUY,100.0,Close above SMMA20; SMMA20 above SMMA120; RSI bullish range,168,2026-08-12 19:51:07
CANTABIL-EQ,226.6,240.05,251.67,36.68,SELL,100.0,Close below SMMA20; SMMA20 below SMMA120; RSI bearish range,168,2026-08-12 19:51:08
NIFTY100EW-EQ,35.71,35.1,34.02,59.96,BUY,100.0,Close above SMMA20; SMMA20 above SMMA120; RSI bullish range,168,2026-08-12 19:51:10
NEXT30ADD-EQ,43.88,42.82,41.37,64.79,BUY,100.0,Close above SMMA20; SMMA20 above SMMA120; RSI bullish range,168,2026-08-12 19:51:11
DELTAMAGNT-EQ,57.5,58.92,61.3,45.84,SELL,100.0,Close below SMMA20; SMMA20 below SMMA120; RSI bearish range,168,2026-08-12 19:51:14
RTNINDIA-EQ,30.26,32.51,34.15,36.73,SELL,100.0,Close below SMMA20; SMMA20 below SMMA120; RSI bearish range,168,2026-08-12 19:51:21
PRECAM-EQ,134.83,143.89,146.33,34.0,SELL,100.0,Close below SMMA20; SMMA20 below SMMA120; RSI bearish range,168,2026-08-12 19:51:22
DAMCAPITAL-EQ,146.15,153.92,162.86,37.8,SELL,100.0,Close below SMMA20; SMMA20 below SMMA120; RSI bearish range,168,2026-08-12 19:51:24
SETL-EQ,300.05,258.06,172.08,66.59,BUY,100.0,Close above SMMA20; SMMA20 above SMMA120; RSI bullish range,168,2026-08-12 19:51:25
SUKHJITS-EQ,161.3,167.33,172.73,43.83,SELL,100.0,Close below SMMA20; SMMA20 below SMMA120; RSI bearish range,168,2026-08-12 19:51:29
POONAWALLA-EQ,483.1,461.14,438.45,57.21,BUY,100.0,Close above SMMA20; SMMA20 above SMMA120; RSI bullish range,168,2026-08-12 19:51:31
AFCONS-EQ,267.95,290.31,320.37,35.47,SELL,100.0,Close below SMMA20; SMMA20 below SMMA120; RSI bearish range,168,2026-08-12 19:51:33
GHCL-EQ,431.35,438.92,481.36,43.56,SELL,100.0,Close below SMMA20; SMMA20 below SMMA120; RSI bearish range,168,2026-08-12 19:51:36
GSFC-EQ,160.69,161.23,167.03,49.97,SELL,100.0,Close below SMMA20; SMMA20 below SMMA120; RSI bearish range,168,2026-08-12 19:51:40
ORIENTELEC-EQ,189.0,178.68,176.88,64.48,BUY,100.0,Close above SMMA20; SMMA20 above SMMA120; RSI bullish range,168,2026-08-12 19:51:44
PRSMJOHNSN-EQ,106.04,112.32,122.62,38.15,SELL,100.0,Close below SMMA20; SMMA20 below SMMA120; RSI bearish range,168,2026-08-12 19:51:50
REDINGTON-EQ,339.4,296.94,258.8,67.56,BUY,100.0,Close above SMMA20; SMMA20 above SMMA120; RSI bullish range,168,2026-08-12 19:51:52
SIMPLEXINF-EQ,252.0,247.06,231.06,53.63,BUY,100.0,Close above SMMA20; SMMA20 above SMMA120; RSI bullish range,168,2026-08-12 19:51:55
SDBL-EQ,71.5,72.68,82.87,48.39,SELL,100.0,Close below SMMA20; SMMA20 below SMMA120; RSI bearish range,168,2026-08-12 19:51:56
KHAITANLTD-EQ,142.0,136.62,116.55,52.81,BUY,100.0,Close above SMMA20; SMMA20 above SMMA120; RSI bullish range,168,2026-08-12 19:52:02
LTFOODS-EQ,426.7,397.26,393.51,69.29,BUY,100.0,Close above SMMA20; SMMA20 above SMMA120; RSI bullish range,168,2026-08-12 19:52:03
SOMATEX-EQ,92.5,98.97,106.5,37.59,SELL,100.0,Close below SMMA20; SMMA20 below SMMA120; RSI bearish range,168,2026-08-12 19:52:15
PREMIERPOL-EQ,73.21,69.0,57.12,54.74,BUY,100.0,Close above SMMA20; SMMA20 above SMMA120; RSI bullish range,168,2026-08-12 19:52:16
NDTV-EQ,76.55,78.45,81.08,42.59,SELL,100.0,Close below SMMA20; SMMA20 below SMMA120; RSI bearish range,168,2026-08-12 19:52:23
INFOBEAN-EQ,162.88,165.01,175.88,47.04,SELL,100.0,Close below SMMA20; SMMA20 below SMMA120; RSI bearish range,168,2026-08-12 19:52:28
UJJIVANSFB-EQ,72.38,65.95,59.38,65.12,BUY,100.0,Close above SMMA20; SMMA20 above SMMA120; RSI bullish range,168,2026-08-12 19:52:30
MOQUALITY-EQ,206.0,202.66,198.11,57.7,BUY,100.0,Close above SMMA20; SMMA20 above SMMA120; RSI bullish range,168,2026-08-12 19:52:31
TIMETECHNO-EQ,208.56,197.21,184.66,59.74,BUY,100.0,Close above SMMA20; SMMA20 above SMMA120; RSI bullish range,168,2026-08-12 19:52:33
KRITINUT-EQ,85.52,81.54,77.34,56.57,BUY,100.0,Close above SMMA20; SMMA20 above SMMA120; RSI bullish range,168,2026-08-12 19:52:34
MOGSEC-EQ,65.6,65.11,63.92,54.21,BUY,100.0,Close above SMMA20; SMMA20 above SMMA120; RSI bullish range,168,2026-08-12 19:52:35
BANKIETF-EQ,59.43,58.75,58.66,56.02,BUY,100.0,Close above SMMA20; SMMA20 above SMMA120; RSI bullish range,168,2026-08-12 19:52:37
GUFICBIO-EQ,426.0,387.46,333.73,67.02,BUY,100.0,Close above SMMA20; SMMA20 above SMMA120; RSI bullish range,168,2026-08-12 19:52:42
CONSUMIETF-EQ,125.4,122.54,119.86,61.44,BUY,100.0,Close above SMMA20; SMMA20 above SMMA120; RSI bullish range,168,2026-08-12 19:52:44
INDIACEM-EQ,383.5,391.42,405.55,43.33,SELL,100.0,Close below SMMA20; SMMA20 below SMMA120; RSI bearish range,168,2026-08-12 19:52:45
BIOCON-EQ,427.4,424.26,396.19,50.57,BUY,100.0,Close above SMMA20; SMMA20 above SMMA120; RSI bullish range,168,2026-08-12 19:52:48
MAHABANK-EQ,81.87,81.08,73.47,54.05,BUY,100.0,Close above SMMA20; SMMA20 above SMMA120; RSI bullish range,168,2026-08-12 19:52:54
ARTEMISMED-EQ,316.3,286.56,258.57,67.49,BUY,100.0,Close above SMMA20; SMMA20 above SMMA120; RSI bullish range,168,2026-08-12 19:53:02
PRIMESECU-EQ,287.35,283.92,281.4,52.29,BUY,100.0,Close above SMMA20; SMMA20 above SMMA120; RSI bullish range,168,2026-08-12 19:53:03
ZODIAC-EQ,244.65,261.22,274.47,35.13,SELL,100.0,Close below SMMA20; SMMA20 below SMMA120; RSI bearish range,168,2026-08-12 19:53:08
RUSTOMJEE-EQ,374.3,399.57,431.4,35.34,SELL,100.0,Close below SMMA20; SMMA20 below SMMA120; RSI bearish range,168,2026-08-12 19:53:12
ITI-EQ,283.0,286.2,288.8,48.01,SELL,100.0,Close below SMMA20; SMMA20 below SMMA120; RSI bearish range,168,2026-08-12 19:53:13
SBIETFQLTY-EQ,225.72,222.18,220.8,55.93,BUY,100.0,Close above SMMA20; SMMA20 above SMMA120; RSI bullish range,168,2026-08-12 19:53:19
STEELCAS-EQ,333.2,312.1,262.78,60.79,BUY,100.0,Close above SMMA20; SMMA20 above SMMA120; RSI bullish range,168,2026-08-12 19:53:20
AMRUTANJAN-EQ,488.35,529.52,570.85,31.99,SELL,100.0,Close below SMMA20; SMMA20 below SMMA120; RSI bearish range,168,2026-08-12 19:53:23
IIFLCAPS-EQ,338.0,336.96,327.78,52.58,BUY,100.0,Close above SMMA20; SMMA20 above SMMA120; RSI bullish range,168,2026-08-12 19:53:27
SHAHALLOYS-EQ,71.88,69.27,67.45,59.07,BUY,100.0,Close above SMMA20; SMMA20 above SMMA120; RSI bullish range,168,2026-08-12 19:53:31
JAYSREETEA-EQ,91.0,85.2,85.0,65.07,BUY,100.0,Close above SMMA20; SMMA20 above SMMA120; RSI bullish range,168,2026-08-12 19:53:33
SARDAEN-EQ,490.0,508.89,521.27,39.09,SELL,100.0,Close below SMMA20; SMMA20 below SMMA120; RSI bearish range,168,2026-08-12 19:53:34
NCLIND-EQ,173.0,181.91,184.27,35.37,SELL,100.0,Close below SMMA20; SMMA20 below SMMA120; RSI bearish range,168,2026-08-12 19:53:35
AARVI-EQ,153.31,149.85,134.54,51.73,BUY,100.0,Close above SMMA20; SMMA20 above SMMA120; RSI bullish range,168,2026-08-12 19:53:45
AHLEAST-EQ,142.37,146.23,149.18,43.57,SELL,100.0,Close below SMMA20; SMMA20 below SMMA120; RSI bearish range,168,2026-08-12 19:53:46
DABUR-EQ,407.95,425.9,460.7,37.27,SELL,100.0,Close below SMMA20; SMMA20 below SMMA120; RSI bearish range,168,2026-08-12 19:53:49
MAKEINDIA-EQ,169.08,164.16,157.95,68.6,BUY,100.0,Close above SMMA20; SMMA20 above SMMA120; RSI bullish range,168,2026-08-12 19:53:52
TRF-EQ,232.0,235.39,254.56,47.22,SELL,100.0,Close below SMMA20; SMMA20 below SMMA120; RSI bearish range,168,2026-08-12 19:53:53
SPENCERS-EQ,31.95,34.03,35.28,38.04,SELL,100.0,Close below SMMA20; SMMA20 below SMMA120; RSI bearish range,168,2026-08-12 19:53:56
HINDOILEXP-EQ,162.4,160.31,153.87,53.24,BUY,100.0,Close above SMMA20; SMMA20 above SMMA120; RSI bullish range,168,2026-08-12 19:53:57
DONEAR-EQ,85.0,85.94,89.32,48.42,SELL,100.0,Close below SMMA20; SMMA20 below SMMA120; RSI bearish range,168,2026-08-12 19:53:59
MANALIPETC-EQ,67.39,64.24,58.66,59.29,BUY,100.0,Close above SMMA20; SMMA20 above SMMA120; RSI bullish range,168,2026-08-12 19:54:00
SIS-EQ,438.8,426.96,365.18,57.42,BUY,100.0,Close above SMMA20; SMMA20 above SMMA120; RSI bullish range,168,2026-08-12 19:54:03
MEDIASSIST-EQ,351.0,357.73,378.38,45.52,SELL,100.0,Close below SMMA20; SMMA20 below SMMA120; RSI bearish range,168,2026-08-12 19:54:07
KAKATCEM-EQ,106.51,118.5,118.96,31.41,SELL,100.0,Close below SMMA20; SMMA20 below SMMA120; RSI bearish range,168,2026-08-12 19:54:10
POWERGRID-EQ,269.0,283.25,286.88,31.86,SELL,100.0,Close below SMMA20; SMMA20 below SMMA120; RSI bearish range,168,2026-08-12 19:54:11
MIDCAPBETA-EQ,239.9,232.59,223.42,67.8,BUY,100.0,Close above SMMA20; SMMA20 above SMMA120; RSI bullish range,168,2026-08-12 19:54:14
IOC-EQ,140.6,141.41,150.89,48.08,SELL,100.0,Close below SMMA20; SMMA20 below SMMA120; RSI bearish range,168,2026-08-12 19:54:15
MAWANASUG-EQ,112.0,110.23,96.17,51.03,BUY,100.0,Close above SMMA20; SMMA20 above SMMA120; RSI bullish range,168,2026-08-12 19:54:21
QUESS-EQ,334.2,293.25,229.75,66.99,BUY,100.0,Close above SMMA20; SMMA20 above SMMA120; RSI bullish range,168,2026-08-12 19:54:25
SOMICONVEY-EQ,87.59,97.34,105.9,31.9,SELL,100.0,Close below SMMA20; SMMA20 below SMMA120; RSI bearish range,168,2026-08-12 19:54:28
RPPINFRA-EQ,58.78,62.48,75.29,39.88,SELL,100.0,Close below SMMA20; SMMA20 below SMMA120; RSI bearish range,168,2026-08-12 19:54:30
HNGSNGBEES-EQ,480.05,489.01,509.19,41.92,SELL,100.0,Close below SMMA20; SMMA20 below SMMA120; RSI bearish range,168,2026-08-12 19:54:32
ABCAPITAL-EQ,405.3,396.96,360.09,51.72,BUY,100.0,Close above SMMA20; SMMA20 above SMMA120; RSI bullish range,168,2026-08-12 19:54:33
DVL-EQ,272.0,249.89,248.25,62.88,BUY,100.0,Close above SMMA20; SMMA20 above SMMA120; RSI bullish range,168,2026-08-12 19:54:36
BAJEL-EQ,192.77,185.55,174.7,59.58,BUY,100.0,Close above SMMA20; SMMA20 above SMMA120; RSI bullish range,168,2026-08-12 19:54:39
APCL-EQ,103.68,105.67,117.44,47.98,SELL,100.0,Close below SMMA20; SMMA20 below SMMA120; RSI bearish range,168,2026-08-12 19:54:40
OLAELEC-EQ,39.86,39.8,35.72,50.55,BUY,100.0,Close above SMMA20; SMMA20 above SMMA120; RSI bullish range,168,2026-08-12 19:54:44
RELAXO-EQ,417.0,394.98,356.45,56.34,BUY,100.0,Close above SMMA20; SMMA20 above SMMA120; RSI bullish range,168,2026-08-12 19:54:48
CONSUMBEES-EQ,134.58,131.66,128.8,59.25,BUY,100.0,Close above SMMA20; SMMA20 above SMMA120; RSI bullish range,168,2026-08-12 19:54:54
GTPL-EQ,54.55,60.69,70.3,33.17,SELL,100.0,Close below SMMA20; SMMA20 below SMMA120; RSI bearish range,168,2026-08-12 19:54:55
MON100-EQ,331.16,324.04,279.15,56.0,BUY,100.0,Close above SMMA20; SMMA20 above SMMA120; RSI bullish range,168,2026-08-12 19:54:57
VSTL-EQ,108.0,112.11,118.5,38.35,SELL,100.0,Close below SMMA20; SMMA20 below SMMA120; RSI bearish range,168,2026-08-12 19:54:58
EUREKAFORB-EQ,452.0,457.02,498.22,48.2,SELL,100.0,Close below SMMA20; SMMA20 below SMMA120; RSI bearish range,168,2026-08-12 19:55:01
HPL-EQ,322.25,344.14,348.77,36.39,SELL,100.0,Close below SMMA20; SMMA20 below SMMA120; RSI bearish range,168,2026-08-12 19:55:02
HDFCNIFBAN-EQ,59.25,58.89,58.8,52.31,BUY,100.0,Close above SMMA20; SMMA20 above SMMA120; RSI bullish range,168,2026-08-12 19:55:16
ABFRL-EQ,57.16,59.92,64.51,41.52,SELL,100.0,Close below SMMA20; SMMA20 below SMMA120; RSI bearish range,168,2026-08-12 19:55:19
SMCGLOBAL-EQ,79.45,76.31,73.77,56.68,BUY,100.0,Close above SMMA20; SMMA20 above SMMA120; RSI bullish range,168,2026-08-12 19:55:20
SUPREME-EQ,42.51,46.02,54.45,36.8,SELL,100.0,Close below SMMA20; SMMA20 below SMMA120; RSI bearish range,168,2026-08-12 19:55:22
SPIC-EQ,67.2,67.55,70.07,49.08,SELL,100.0,Close below SMMA20; SMMA20 below SMMA120; RSI bearish range,168,2026-08-12 19:55:23
GILT5YBEES-EQ,66.34,65.9,64.64,62.39,BUY,100.0,Close above SMMA20; SMMA20 above SMMA120; RSI bullish range,168,2026-08-12 19:55:25
LOVABLE-EQ,73.0,73.61,73.81,47.86,SELL,100.0,Close below SMMA20; SMMA20 below SMMA120; RSI bearish range,168,2026-08-12 19:55:27
GARUDA-EQ,183.49,177.24,176.63,55.47,BUY,100.0,Close above SMMA20; SMMA20 above SMMA120; RSI bullish range,168,2026-08-12 19:55:32
NBCC-EQ,92.51,97.17,98.57,36.49,SELL,100.0,Close below SMMA20; SMMA20 below SMMA120; RSI bearish range,168,2026-08-12 19:55:38
GENCON-EQ,39.89,40.25,43.22,48.48,SELL,100.0,Close below SMMA20; SMMA20 below SMMA120; RSI bearish range,168,2026-08-12 19:55:40
SANATHAN-EQ,470.05,461.32,433.37,50.79,BUY,100.0,Close above SMMA20; SMMA20 above SMMA120; RSI bullish range,168,2026-08-12 19:55:41
VALUEAXIS-EQ,33.3,33.12,32.8,54.33,BUY,100.0,Close above SMMA20; SMMA20 above SMMA120; RSI bullish range,168,2026-08-12 19:55:44
TATAPOWER-EQ,378.05,383.99,389.31,45.82,SELL,100.0,Close below SMMA20; SMMA20 below SMMA120; RSI bearish range,168,2026-08-12 19:55:45
JAICORPLTD-EQ,104.15,106.96,112.68,45.44,SELL,100.0,Close below SMMA20; SMMA20 below SMMA120; RSI bearish range,168,2026-08-12 19:55:52
BAJAJHFL-EQ,84.76,86.24,87.59,41.99,SELL,100.0,Close below SMMA20; SMMA20 below SMMA120; RSI bearish range,168,2026-08-12 19:55:58
ICICIB22-EQ,116.35,117.16,119.43,46.72,SELL,100.0,Close below SMMA20; SMMA20 below SMMA120; RSI bearish range,168,2026-08-12 19:55:59
ONGC-EQ,239.45,246.25,259.63,40.71,SELL,100.0,Close below SMMA20; SMMA20 below SMMA120; RSI bearish range,168,2026-08-12 19:56:01
FMCGIETF-EQ,52.12,52.84,53.93,40.83,SELL,100.0,Close below SMMA20; SMMA20 below SMMA120; RSI bearish range,168,2026-08-12 19:56:02
MANAKALUCO-EQ,39.2,37.01,34.08,55.06,BUY,100.0,Close above SMMA20; SMMA20 above SMMA120; RSI bullish range,168,2026-08-12 19:56:04
ENGINERSIN-EQ,239.2,234.46,217.96,54.49,BUY,100.0,Close above SMMA20; SMMA20 above SMMA120; RSI bullish range,168,2026-08-12 19:56:09
AARTIDRUGS-EQ,431.5,405.16,382.72,62.3,BUY,100.0,Close above SMMA20; SMMA20 above SMMA120; RSI bullish range,168,2026-08-12 19:56:15
HEALTHIETF-EQ,171.69,167.59,155.84,62.39,BUY,100.0,Close above SMMA20; SMMA20 above SMMA120; RSI bullish range,168,2026-08-12 19:56:16
GAIL-EQ,174.51,172.9,165.35,51.21,BUY,100.0,Close above SMMA20; SMMA20 above SMMA120; RSI bullish range,168,2026-08-12 19:56:17
HECPROJECT-EQ,136.15,131.86,123.64,53.9,BUY,100.0,Close above SMMA20; SMMA20 above SMMA120; RSI bullish range,168,2026-08-12 19:56:20
CHEMPLASTS-EQ,182.35,199.32,235.52,39.68,SELL,100.0,Close below SMMA20; SMMA20 below SMMA120; RSI bearish range,168,2026-08-12 19:56:24
ALLTIME-EQ,218.6,229.32,236.23,39.76,SELL,100.0,Close below SMMA20; SMMA20 below SMMA120; RSI bearish range,168,2026-08-12 19:56:26
MEDICAMEQ-EQ,235.35,242.34,287.46,45.24,SELL,100.0,Close below SMMA20; SMMA20 below SMMA120; RSI bearish range,168,2026-08-12 19:56:29
3PLAND-EQ,32.0,32.11,33.66,49.78,SELL,100.0,Close below SMMA20; SMMA20 below SMMA120; RSI bearish range,168,2026-08-12 19:56:31
SHALBY-EQ,157.28,164.79,167.05,35.74,SELL,100.0,Close below SMMA20; SMMA20 below SMMA120; RSI bearish range,168,2026-08-12 19:56:33
SUDARCOLOR-EQ,407.9,375.28,372.71,63.8,BUY,100.0,Close above SMMA20; SMMA20 above SMMA120; RSI bullish range,168,2026-08-12 19:56:34
SAMBHV-EQ,118.43,116.74,105.68,50.92,BUY,100.0,Close above SMMA20; SMMA20 above SMMA120; RSI bullish range,168,2026-08-12 19:56:39
MOTOUR-EQ,80.15,78.88,77.32,54.09,BUY,100.0,Close above SMMA20; SMMA20 above SMMA120; RSI bullish range,168,2026-08-12 19:56:40
REPCOHOME-EQ,367.2,392.19,393.67,32.6,SELL,100.0,Close below SMMA20; SMMA20 below SMMA120; RSI bearish range,168,2026-08-12 19:56:46
ABLBL-EQ,90.29,95.53,104.21,34.39,SELL,100.0,Close below SMMA20; SMMA20 below SMMA120; RSI bearish range,168,2026-08-12 19:56:49
SNXT30BEES-EQ,43.77,42.66,41.25,68.13,BUY,100.0,Close above SMMA20; SMMA20 above SMMA120; RSI bullish range,168,2026-08-12 19:56:50
EQUAL50ADD-EQ,349.21,344.34,338.89,57.56,BUY,100.0,Close above SMMA20; SMMA20 above SMMA120; RSI bullish range,168,2026-08-12 19:56:54
DDEVPLSTIK-EQ,290.95,278.04,267.76,55.6,BUY,100.0,Close above SMMA20; SMMA20 above SMMA120; RSI bullish range,168,2026-08-12 19:56:56
MAMATA-EQ,425.2,401.11,399.35,66.11,BUY,100.0,Close above SMMA20; SMMA20 above SMMA120; RSI bullish range,168,2026-08-12 19:56:57
JMA-EQ,88.99,88.7,84.97,51.66,BUY,100.0,Close above SMMA20; SMMA20 above SMMA120; RSI bullish range,168,2026-08-12 19:57:00
EUROBOND-EQ,162.1,165.44,170.45,46.75,SELL,100.0,Close below SMMA20; SMMA20 below SMMA120; RSI bearish range,168,2026-08-12 19:57:04
FABTECH-EQ,145.5,152.12,162.85,34.02,SELL,100.0,Close below SMMA20; SMMA20 below SMMA120; RSI bearish range,168,2026-08-12 19:57:11
CUBEXTUB-EQ,79.34,80.87,93.59,48.53,SELL,100.0,Close below SMMA20; SMMA20 below SMMA120; RSI bearish range,168,2026-08-12 19:57:15
GROWWNXT50-EQ,75.18,73.09,69.85,61.63,BUY,100.0,Close above SMMA20; SMMA20 above SMMA120; RSI bullish range,168,2026-08-12 19:57:18
TNPL-EQ,154.5,149.64,143.27,58.2,BUY,100.0,Close above SMMA20; SMMA20 above SMMA120; RSI bullish range,168,2026-08-12 19:57:22
ORIENTCEM-EQ,134.0,136.81,146.16,43.75,SELL,100.0,Close below SMMA20; SMMA20 below SMMA120; RSI bearish range,168,2026-08-12 19:57:23
TATASTEEL-EQ,185.0,190.54,194.72,42.28,SELL,100.0,Close below SMMA20; SMMA20 below SMMA120; RSI bearish range,168,2026-08-12 19:57:25
RAMCOIND-EQ,359.1,335.7,304.91,58.51,BUY,100.0,Close above SMMA20; SMMA20 above SMMA120; RSI bullish range,168,2026-08-12 19:57:26
BEPL-EQ,120.54,112.64,95.61,56.53,BUY,100.0,Close above SMMA20; SMMA20 above SMMA120; RSI bullish range,168,2026-08-12 19:57:28
MOMIDMTM-EQ,65.06,63.8,62.57,61.03,BUY,100.0,Close above SMMA20; SMMA20 above SMMA120; RSI bullish range,168,2026-08-12 19:57:35
MASPTOP50-EQ,80.96,78.91,74.87,60.45,BUY,100.0,Close above SMMA20; SMMA20 above SMMA120; RSI bullish range,168,2026-08-12 19:57:37
FOODSIN-EQ,51.29,55.84,59.74,34.79,SELL,100.0,Close below SMMA20; SMMA20 below SMMA120; RSI bearish range,168,2026-08-12 19:57:39
TARSONS-EQ,312.8,292.57,233.51,54.77,BUY,100.0,Close above SMMA20; SMMA20 above SMMA120; RSI bullish range,168,2026-08-12 19:57:40
NEXT50BETA-EQ,80.12,78.27,74.98,65.82,BUY,100.0,Close above SMMA20; SMMA20 above SMMA120; RSI bullish range,168,2026-08-12 19:57:42
NEXT50ADD-EQ,74.8,72.99,69.97,62.08,BUY,100.0,Close above SMMA20; SMMA20 above SMMA120; RSI bullish range,145,2026-08-12 19:57:45
STYL-EQ,411.5,356.54,286.03,66.99,BUY,100.0,Close above SMMA20; SMMA20 above SMMA120; RSI bullish range,168,2026-08-12 19:57:49
SBIETFCON-EQ,124.02,122.05,119.38,54.88,BUY,100.0,Close above SMMA20; SMMA20 above SMMA120; RSI bullish range,168,2026-08-12 19:57:50
MUFTI-EQ,80.07,84.45,86.2,40.79,SELL,100.0,Close below SMMA20; SMMA20 below SMMA120; RSI bearish range,168,2026-08-12 19:57:52
ASIANENE-EQ,405.8,373.35,316.15,62.58,BUY,100.0,Close above SMMA20; SMMA20 above SMMA120; RSI bullish range,168,2026-08-12 19:57:54
INTLCONV-EQ,72.75,76.77,79.07,33.53,SELL,100.0,Close below SMMA20; SMMA20 below SMMA120; RSI bearish range,168,2026-08-12 19:57:57
TEXRAIL-EQ,107.76,110.46,111.68,43.94,SELL,100.0,Close below SMMA20; SMMA20 below SMMA120; RSI bearish range,168,2026-08-12 19:57:58
GMRP&UI-EQ,96.73,99.3,105.04,44.51,SELL,100.0,Close below SMMA20; SMMA20 below SMMA120; RSI bearish range,168,2026-08-12 19:58:00
BANKBETA-EQ,59.89,59.22,59.12,55.18,BUY,100.0,Close above SMMA20; SMMA20 above SMMA120; RSI bullish range,168,2026-08-12 19:58:01
RAILTEL-EQ,285.8,297.96,314.9,39.91,SELL,100.0,Close below SMMA20; SMMA20 below SMMA120; RSI bearish range,168,2026-08-12 19:58:03
SNXT50BETA-EQ,95.65,94.01,91.6,58.14,BUY,100.0,Close above SMMA20; SMMA20 above SMMA120; RSI bullish range,168,2026-08-12 19:58:04
GATEWAY-EQ,54.9,57.91,57.95,39.32,SELL,100.0,Close below SMMA20; SMMA20 below SMMA120; RSI bearish range,168,2026-08-12 19:58:05
ALEMBICLTD-EQ,84.2,88.62,90.81,37.54,SELL,100.0,Close below SMMA20; SMMA20 below SMMA120; RSI bearish range,168,2026-08-12 19:58:19
STARCEMENT-EQ,199.98,205.72,213.69,39.0,SELL,100.0,Close below SMMA20; SMMA20 below SMMA120; RSI bearish range,168,2026-08-12 19:58:23
HEXATRADEX-EQ,157.0,159.67,161.45,44.69,SELL,100.0,Close below SMMA20; SMMA20 below SMMA120; RSI bearish range,168,2026-08-12 19:58:24
TOLINS-EQ,101.01,103.49,111.22,41.33,SELL,100.0,Close below SMMA20; SMMA20 below SMMA120; RSI bearish range,168,2026-08-12 19:58:30
GICRE-EQ,355.85,362.59,374.52,42.2,SELL,100.0,Close below SMMA20; SMMA20 below SMMA120; RSI bearish range,168,2026-08-12 19:58:32
VASWANI-EQ,51.55,53.47,55.71,41.03,SELL,100.0,Close below SMMA20; SMMA20 below SMMA120; RSI bearish range,168,2026-08-12 19:58:34
PRAKASH-EQ,121.16,129.7,133.43,36.02,SELL,100.0,Close below SMMA20; SMMA20 below SMMA120; RSI bearish range,168,2026-08-12 19:58:36
LTF-EQ,314.55,307.42,292.04,54.19,BUY,100.0,Close above SMMA20; SMMA20 above SMMA120; RSI bullish range,168,2026-08-12 19:58:37
STANLEY-EQ,141.6,152.25,163.32,30.47,SELL,100.0,Close below SMMA20; SMMA20 below SMMA120; RSI bearish range,168,2026-08-12 19:58:40
ONWARDTEC-EQ,289.25,282.41,274.4,53.11,BUY,100.0,Close above SMMA20; SMMA20 above SMMA120; RSI bullish range,168,2026-08-12 19:58:41
MODEFENCE-EQ,105.32,102.98,94.33,58.35,BUY,100.0,Close above SMMA20; SMMA20 above SMMA120; RSI bullish range,168,2026-08-12 19:58:43
BANSALWIRE-EQ,323.2,320.13,298.23,51.06,BUY,100.0,Close above SMMA20; SMMA20 above SMMA120; RSI bullish range,168,2026-08-12 19:58:49
AWFIS-EQ,274.0,288.3,341.8,41.89,SELL,100.0,Close below SMMA20; SMMA20 below SMMA120; RSI bearish range,168,2026-08-12 19:58:54
BBNPNBETF-EQ,58.08,57.74,57.7,51.77,BUY,100.0,Close above SMMA20; SMMA20 above SMMA120; RSI bullish range,168,2026-08-12 19:58:55
ORIENTTECH-EQ,260.0,262.91,288.72,47.63,SELL,100.0,Close below SMMA20; SMMA20 below SMMA120; RSI bearish range,168,2026-08-12 19:59:05
EBANKNIFTY-EQ,58.32,57.76,57.67,53.88,BUY,100.0,Close above SMMA20; SMMA20 above SMMA120; RSI bullish range,168,2026-08-12 19:59:06
SBINEQWETF-EQ,34.11,33.53,32.99,57.26,BUY,100.0,Close above SMMA20; SMMA20 above SMMA120; RSI bullish range,168,2026-08-12 19:59:09
SURAJLTD-EQ,218.38,225.21,234.08,42.9,SELL,100.0,Close below SMMA20; SMMA20 below SMMA120; RSI bearish range,168,2026-08-12 19:59:10
ABGSEC-EQ,115.15,113.87,112.27,57.17,BUY,100.0,Close above SMMA20; SMMA20 above SMMA120; RSI bullish range,151,2026-08-12 19:59:12
INDOUS-EQ,80.05,86.56,106.08,34.06,SELL,100.0,Close below SMMA20; SMMA20 below SMMA120; RSI bearish range,168,2026-08-12 19:59:14
MOMOMENTUM-EQ,63.06,62.0,61.75,60.66,BUY,100.0,Close above SMMA20; SMMA20 above SMMA120; RSI bullish range,168,2026-08-12 19:59:20
XELPMOC-EQ,81.14,84.22,105.92,44.69,SELL,100.0,Close below SMMA20; SMMA20 below SMMA120; RSI bearish range,168,2026-08-12 19:59:23
OBCL-EQ,53.0,53.77,55.03,45.82,SELL,100.0,Close below SMMA20; SMMA20 below SMMA120; RSI bearish range,168,2026-08-12 19:59:24
SAIL-EQ,172.79,171.56,164.73,53.7,BUY,100.0,Close above SMMA20; SMMA20 above SMMA120; RSI bullish range,168,2026-08-12 19:59:27
THOMASCOTT-EQ,336.0,309.79,300.31,59.98,BUY,100.0,Close above SMMA20; SMMA20 above SMMA120; RSI bullish range,168,2026-08-12 19:59:31
RHIM-EQ,385.9,399.27,408.97,42.46,SELL,100.0,Close below SMMA20; SMMA20 below SMMA120; RSI bearish range,168,2026-08-12 19:59:32
TTML-EQ,38.17,40.6,42.81,30.76,SELL,100.0,Close below SMMA20; SMMA20 below SMMA120; RSI bearish range,168,2026-08-12 19:59:34
LINC-EQ,98.44,103.33,105.42,39.23,SELL,100.0,Close below SMMA20; SMMA20 below SMMA120; RSI bearish range,168,2026-08-12 19:59:38
PAR-EQ,103.7,96.33,93.5,60.19,BUY,100.0,Close above SMMA20; SMMA20 above SMMA120; RSI bullish range,168,2026-08-12 19:59:42
MANUFGBEES-EQ,167.51,161.95,155.94,64.96,BUY,100.0,Close above SMMA20; SMMA20 above SMMA120; RSI bullish range,168,2026-08-12 19:59:49
MONQ50-EQ,148.2,142.26,120.31,61.5,BUY,100.0,Close above SMMA20; SMMA20 above SMMA120; RSI bullish range,168,2026-08-12 19:59:51
MOMGF-EQ,165.5,161.25,155.11,61.78,BUY,100.0,Close above SMMA20; SMMA20 above SMMA120; RSI bullish range,168,2026-08-12 19:59:52
BPL-EQ,52.68,54.34,55.0,41.83,SELL,100.0,Close below SMMA20; SMMA20 below SMMA120; RSI bearish range,168,2026-08-12 19:59:53
ETERNAL-EQ,314.5,291.43,268.48,62.87,BUY,100.0,Close above SMMA20; SMMA20 above SMMA120; RSI bullish range,168,2026-08-12 19:59:59
NRBBEARING-EQ,461.65,422.53,329.72,60.54,BUY,100.0,Close above SMMA20; SMMA20 above SMMA120; RSI bullish range,168,2026-08-12 20:00:02
EFCIL-EQ,179.4,190.15,217.03,37.64,SELL,100.0,Close below SMMA20; SMMA20 below SMMA120; RSI bearish range,168,2026-08-12 20:00:03
BANKNIFTY1-EQ,60.02,59.43,59.3,54.4,BUY,100.0,Close above SMMA20; SMMA20 above SMMA120; RSI bullish range,168,2026-08-12 20:00:04
BELLACASA-EQ,240.28,245.27,280.68,45.97,SELL,100.0,Close below SMMA20; SMMA20 below SMMA120; RSI bearish range,168,2026-08-12 20:00:07
FISCHER-EQ,37.76,37.87,38.45,48.54,SELL,100.0,Close below SMMA20; SMMA20 below SMMA120; RSI bearish range,168,2026-08-12 20:00:10
KTKBANK-EQ,313.7,283.28,240.52,69.3,BUY,100.0,Close above SMMA20; SMMA20 above SMMA120; RSI bullish range,168,2026-08-12 20:00:11
GROWWCHEM-EQ,30.58,30.06,28.6,54.89,BUY,100.0,Close above SMMA20; SMMA20 above SMMA120; RSI bullish range,141,2026-08-12 20:00:14
GROWWDEFNC-EQ,96.2,93.92,85.99,57.97,BUY,100.0,Close above SMMA20; SMMA20 above SMMA120; RSI bullish range,168,2026-08-12 20:00:16
ABCOTS-EQ,199.0,210.8,315.57,38.38,SELL,100.0,Close below SMMA20; SMMA20 below SMMA120; RSI bearish range,168,2026-08-12 20:00:20
BMWVENTLTD-EQ,58.01,58.48,58.53,48.48,SELL,100.0,Close below SMMA20; SMMA20 below SMMA120; RSI bearish range,168,2026-08-12 20:00:22
CMSINFO-EQ,255.6,276.85,302.13,37.58,SELL,100.0,Close below SMMA20; SMMA20 below SMMA120; RSI bearish range,168,2026-08-12 20:00:24
NEXT50ETF-EQ,75.1,73.24,70.07,59.92,BUY,100.0,Close above SMMA20; SMMA20 above SMMA120; RSI bullish range,142,2026-08-12 20:00:25
DHAMPURSUG-EQ,159.23,145.47,134.36,69.43,BUY,100.0,Close above SMMA20; SMMA20 above SMMA120; RSI bullish range,168,2026-08-12 20:00:39
GAEL-EQ,165.36,161.83,147.51,51.64,BUY,100.0,Close above SMMA20; SMMA20 above SMMA120; RSI bullish range,168,2026-08-12 20:00:41
SHADOWFAX-EQ,247.39,224.05,170.29,63.52,BUY,100.0,Close above SMMA20; SMMA20 above SMMA120; RSI bullish range,134,2026-08-12 20:00:43
ALGOQUANT-EQ,67.2,63.8,59.47,58.5,BUY,100.0,Close above SMMA20; SMMA20 above SMMA120; RSI bullish range,148,2026-08-12 20:00:45
CANHLIFE-EQ,147.9,146.5,143.39,50.61,BUY,100.0,Close above SMMA20; SMMA20 above SMMA120; RSI bullish range,168,2026-08-12 20:00:50
UTLSOLAR-EQ,389.0,363.63,270.55,57.73,BUY,100.0,Close above SMMA20; SMMA20 above SMMA120; RSI bullish range,168,2026-08-12 20:00:57
CLSEL-EQ,283.5,282.89,269.29,50.18,BUY,100.0,Close above SMMA20; SMMA20 above SMMA120; RSI bullish range,168,2026-08-12 20:01:01
VESUVIUS-EQ,453.5,459.44,475.76,47.6,SELL,100.0,Close below SMMA20; SMMA20 below SMMA120; RSI bearish range,168,2026-08-12 20:01:07
ONEPOINT-EQ,59.99,56.95,53.86,64.3,BUY,100.0,Close above SMMA20; SMMA20 above SMMA120; RSI bullish range,168,2026-08-12 20:01:10
BHAGCHEM-EQ,280.35,275.44,240.49,51.38,BUY,100.0,Close above SMMA20; SMMA20 above SMMA120; RSI bullish range,168,2026-08-12 20:01:12
TIRUMALCHM-EQ,160.72,172.02,191.07,39.57,SELL,100.0,Close below SMMA20; SMMA20 below SMMA120; RSI bearish range,168,2026-08-12 20:01:14
5PAISA-EQ,387.05,360.23,335.53,61.96,BUY,100.0,Close above SMMA20; SMMA20 above SMMA120; RSI bullish range,168,2026-08-12 20:01:17
GOCLCORP-EQ,432.6,402.34,327.41,64.04,BUY,100.0,Close above SMMA20; SMMA20 above SMMA120; RSI bullish range,168,2026-08-12 20:01:19
TRANSRAILL-EQ,467.05,495.1,522.31,37.02,SELL,100.0,Close below SMMA20; SMMA20 below SMMA120; RSI bearish range,168,2026-08-12 20:01:23
WEIZMANIND-EQ,78.39,79.55,84.25,47.43,SELL,100.0,Close below SMMA20; SMMA20 below SMMA120; RSI bearish range,168,2026-08-12 20:01:29
INDUSTOWER-EQ,380.5,394.29,419.09,43.09,SELL,100.0,Close below SMMA20; SMMA20 below SMMA120; RSI bearish range,168,2026-08-12 20:01:32
AUSOMENT-EQ,141.4,131.42,120.3,65.86,BUY,100.0,Close above SMMA20; SMMA20 above SMMA120; RSI bullish range,168,2026-08-12 20:01:33
MOPSE-EQ,100.2,101.4,102.2,43.19,SELL,100.0,Close below SMMA20; SMMA20 below SMMA120; RSI bearish range,168,2026-08-12 20:01:37
BRIGHOTEL-EQ,59.41,61.61,63.11,38.6,SELL,100.0,Close below SMMA20; SMMA20 below SMMA120; RSI bearish range,168,2026-08-12 20:01:39
PASHUPATI-EQ,84.1,86.68,88.6,34.27,SELL,100.0,Close below SMMA20; SMMA20 below SMMA120; RSI bearish range,168,2026-08-12 20:01:47
MANAKSTEEL-EQ,82.75,75.3,66.27,58.78,BUY,100.0,Close above SMMA20; SMMA20 above SMMA120; RSI bullish range,168,2026-08-12 20:01:51
URBANCO-EQ,139.05,134.42,127.75,55.45,BUY,100.0,Close above SMMA20; SMMA20 above SMMA120; RSI bullish range,168,2026-08-12 20:01:53
GOCOLORS-EQ,323.25,335.26,346.52,44.92,SELL,100.0,Close below SMMA20; SMMA20 below SMMA120; RSI bearish range,168,2026-08-12 20:01:54
LAMBODHARA-EQ,113.5,112.42,109.55,50.82,BUY,100.0,Close above SMMA20; SMMA20 above SMMA120; RSI bullish range,168,2026-08-12 20:01:57
ICDSLTD-EQ,39.52,41.29,42.99,44.75,SELL,100.0,Close below SMMA20; SMMA20 below SMMA120; RSI bearish range,165,2026-08-12 20:02:01
KRITI-EQ,67.2,69.51,76.25,44.54,SELL,100.0,Close below SMMA20; SMMA20 below SMMA120; RSI bearish range,168,2026-08-12 20:02:04
BHARATCOAL-EQ,33.78,35.86,35.89,33.85,SELL,100.0,Close below SMMA20; SMMA20 below SMMA120; RSI bearish range,140,2026-08-12 20:02:05
IOB-EQ,33.84,34.11,34.46,46.72,SELL,100.0,Close below SMMA20; SMMA20 below SMMA120; RSI bearish range,168,2026-08-12 20:02:10
MONEYBOXX-EQ,60.0,62.34,64.7,45.45,SELL,100.0,Close below SMMA20; SMMA20 below SMMA120; RSI bearish range,168,2026-08-12 20:02:12
HILINFRA-EQ,45.2,46.08,50.77,46.53,SELL,100.0,Close below SMMA20; SMMA20 below SMMA120; RSI bearish range,168,2026-08-12 20:02:14
STUDDS-EQ,420.2,450.54,484.9,31.6,SELL,100.0,Close below SMMA20; SMMA20 below SMMA120; RSI bearish range,168,2026-08-12 20:02:15
EIHOTEL-EQ,298.5,321.85,326.82,31.43,SELL,100.0,Close below SMMA20; SMMA20 below SMMA120; RSI bearish range,168,2026-08-12 20:02:19
RVNL-EQ,229.8,233.67,278.71,48.74,SELL,100.0,Close below SMMA20; SMMA20 below SMMA120; RSI bearish range,168,2026-08-12 20:02:22
BLUSPRING-EQ,121.51,108.27,77.75,62.45,BUY,100.0,Close above SMMA20; SMMA20 above SMMA120; RSI bullish range,168,2026-08-12 20:02:23
VIKRAMSOLR-EQ,159.58,183.23,203.5,30.45,SELL,100.0,Close below SMMA20; SMMA20 below SMMA120; RSI bearish range,168,2026-08-12 20:02:28
THELEELA-EQ,499.75,483.32,441.91,54.96,BUY,100.0,Close above SMMA20; SMMA20 above SMMA120; RSI bullish range,168,2026-08-12 20:02:35
JAYKAY-EQ,149.1,165.2,166.97,35.32,SELL,100.0,Close below SMMA20; SMMA20 below SMMA120; RSI bearish range,168,2026-08-12 20:02:36
IVALUE-EQ,283.45,277.54,256.69,53.42,BUY,100.0,Close above SMMA20; SMMA20 above SMMA120; RSI bullish range,168,2026-08-12 20:02:38
MOMENTUM30-EQ,31.14,30.62,30.53,58.16,BUY,100.0,Close above SMMA20; SMMA20 above SMMA120; RSI bullish range,168,2026-08-12 20:02:39
GKSL-EQ,133.16,130.15,119.19,58.95,BUY,100.0,Close above SMMA20; SMMA20 above SMMA120; RSI bullish range,153,2026-08-12 20:02:43
NV20BEES-EQ,141.15,141.29,146.13,49.4,SELL,100.0,Close below SMMA20; SMMA20 below SMMA120; RSI bearish range,168,2026-08-12 20:02:45
SILVERTUC-EQ,205.88,192.19,151.93,60.25,BUY,100.0,Close above SMMA20; SMMA20 above SMMA120; RSI bullish range,168,2026-08-12 20:02:51
KSOLVES-EQ,273.3,284.94,288.65,39.21,SELL,100.0,Close below SMMA20; SMMA20 below SMMA120; RSI bearish range,168,2026-08-12 20:02:52
VERANDA-EQ,251.35,239.87,205.56,56.67,BUY,100.0,Close above SMMA20; SMMA20 above SMMA120; RSI bullish range,168,2026-08-12 20:02:56
GIPCL-EQ,174.05,161.52,151.25,68.6,BUY,100.0,Close above SMMA20; SMMA20 above SMMA120; RSI bullish range,168,2026-08-12 20:03:03
INDOBORAX-EQ,449.05,402.02,309.05,59.68,BUY,100.0,Close above SMMA20; SMMA20 above SMMA120; RSI bullish range,168,2026-08-12 20:03:05
PONNIERODE-EQ,328.3,318.61,293.01,56.21,BUY,100.0,Close above SMMA20; SMMA20 above SMMA120; RSI bullish range,168,2026-08-12 20:03:06
RAMAPHO-EQ,123.1,125.7,135.51,45.35,SELL,100.0,Close below SMMA20; SMMA20 below SMMA120; RSI bearish range,168,2026-08-12 20:03:12
WELSPUNLIV-EQ,165.23,159.55,139.62,55.1,BUY,100.0,Close above SMMA20; SMMA20 above SMMA120; RSI bullish range,168,2026-08-12 20:03:13
SYNGENE-EQ,408.65,417.14,469.19,47.57,SELL,100.0,Close below SMMA20; SMMA20 below SMMA120; RSI bearish range,168,2026-08-12 20:03:14
LFIC-EQ,141.8,142.47,143.64,49.13,SELL,100.0,Close below SMMA20; SMMA20 below SMMA120; RSI bearish range,167,2026-08-12 20:03:16
NFL-EQ,71.92,72.94,76.85,45.72,SELL,100.0,Close below SMMA20; SMMA20 below SMMA120; RSI bearish range,168,2026-08-12 20:03:17
GLOBAL-EQ,103.0,102.62,98.2,51.29,BUY,100.0,Close above SMMA20; SMMA20 above SMMA120; RSI bullish range,168,2026-08-12 20:03:19
CTE-EQ,37.0,33.66,32.72,62.45,BUY,100.0,Close above SMMA20; SMMA20 above SMMA120; RSI bullish range,168,2026-08-12 20:03:26
DOLATALGO-EQ,69.79,70.73,76.46,48.99,SELL,100.0,Close below SMMA20; SMMA20 below SMMA120; RSI bearish range,168,2026-08-12 20:03:30
GLOBALVECT-EQ,156.5,160.95,171.48,44.32,SELL,100.0,Close below SMMA20; SMMA20 below SMMA120; RSI bearish range,168,2026-08-12 20:03:31
RSYSTEMS-EQ,240.1,252.61,297.09,41.21,SELL,100.0,Close below SMMA20; SMMA20 below SMMA120; RSI bearish range,168,2026-08-12 20:03:34
HDFCSML250-EQ,184.44,180.15,167.86,59.85,BUY,100.0,Close above SMMA20; SMMA20 above SMMA120; RSI bullish range,168,2026-08-12 20:03:35
SARLAPOLY-EQ,101.25,100.09,91.22,51.77,BUY,100.0,Close above SMMA20; SMMA20 above SMMA120; RSI bullish range,168,2026-08-12 20:03:39
HDFCMOMENT-EQ,31.43,30.89,30.78,60.72,BUY,100.0,Close above SMMA20; SMMA20 above SMMA120; RSI bullish range,168,2026-08-12 20:03:42
HUBTOWN-EQ,178.19,194.35,209.85,34.22,SELL,100.0,Close below SMMA20; SMMA20 below SMMA120; RSI bearish range,168,2026-08-12 20:03:44
PARACABLES-EQ,68.22,64.93,48.69,56.79,BUY,100.0,Close above SMMA20; SMMA20 above SMMA120; RSI bullish range,168,2026-08-12 20:03:46
GEOJITFSL-EQ,78.05,77.29,71.41,51.14,BUY,100.0,Close above SMMA20; SMMA20 above SMMA120; RSI bullish range,168,2026-08-12 20:03:48
TEXMOPIPES-EQ,42.77,43.67,45.05,44.09,SELL,100.0,Close below SMMA20; SMMA20 below SMMA120; RSI bearish range,168,2026-08-12 20:03:50
ARCHIDPLY-EQ,92.2,83.19,82.55,66.76,BUY,100.0,Close above SMMA20; SMMA20 above SMMA120; RSI bullish range,168,2026-08-12 20:03:53
BLAL-EQ,170.9,178.38,186.71,33.41,SELL,100.0,Close below SMMA20; SMMA20 below SMMA120; RSI bearish range,168,2026-08-12 20:03:55
MANAPPURAM-EQ,354.5,344.71,306.79,52.26,BUY,100.0,Close above SMMA20; SMMA20 above SMMA120; RSI bullish range,168,2026-08-12 20:03:56
AMNPLST-EQ,200.0,195.79,180.35,54.45,BUY,100.0,Close above SMMA20; SMMA20 above SMMA120; RSI bullish range,168,2026-08-12 20:04:02
MAHEPC-EQ,107.52,111.43,117.33,42.03,SELL,100.0,Close below SMMA20; SMMA20 below SMMA120; RSI bearish range,168,2026-08-12 20:04:03
AEROFLEX-EQ,446.55,428.96,313.53,54.31,BUY,100.0,Close above SMMA20; SMMA20 above SMMA120; RSI bullish range,168,2026-08-12 20:04:06
LGHL-EQ,201.98,211.45,250.86,42.38,SELL,100.0,Close below SMMA20; SMMA20 below SMMA120; RSI bearish range,168,2026-08-12 20:04:09
ARIHANTSUP-EQ,257.7,260.83,267.73,45.09,SELL,100.0,Close below SMMA20; SMMA20 below SMMA120; RSI bearish range,168,2026-08-12 20:04:17
GHCLTEXTIL-EQ,116.45,110.38,88.86,55.62,BUY,100.0,Close above SMMA20; SMMA20 above SMMA120; RSI bullish range,168,2026-08-12 20:04:18
INCREDIBLE-EQ,32.25,33.34,35.14,43.74,SELL,100.0,Close below SMMA20; SMMA20 below SMMA120; RSI bearish range,168,2026-08-12 20:04:19
ATAM-EQ,65.29,67.11,70.2,45.11,SELL,100.0,Close below SMMA20; SMMA20 below SMMA120; RSI bearish range,168,2026-08-12 20:04:21
JITFINFRA-EQ,349.0,337.37,312.9,53.14,BUY,100.0,Close above SMMA20; SMMA20 above SMMA120; RSI bullish range,168,2026-08-12 20:04:29
SCHAND-EQ,138.3,147.3,154.77,30.8,SELL,100.0,Close below SMMA20; SMMA20 below SMMA120; RSI bearish range,168,2026-08-12 20:04:33
BBTCL-EQ,224.2,218.28,198.62,53.64,BUY,100.0,Close above SMMA20; SMMA20 above SMMA120; RSI bullish range,168,2026-08-12 20:04:37
IRFC-EQ,88.26,90.53,102.2,43.03,SELL,100.0,Close below SMMA20; SMMA20 below SMMA120; RSI bearish range,168,2026-08-12 20:04:39
TVTODAY-EQ,114.07,116.85,119.42,42.09,SELL,100.0,Close below SMMA20; SMMA20 below SMMA120; RSI bearish range,168,2026-08-12 20:04:47
NTPC-EQ,338.5,350.69,361.41,38.85,SELL,100.0,Close below SMMA20; SMMA20 below SMMA120; RSI bearish range,168,2026-08-12 20:04:50
HARRMALAYA-EQ,222.5,214.43,192.57,56.89,BUY,100.0,Close above SMMA20; SMMA20 above SMMA120; RSI bullish range,168,2026-08-12 20:04:59
ORICONENT-EQ,52.66,55.79,61.18,37.61,SELL,100.0,Close below SMMA20; SMMA20 below SMMA120; RSI bearish range,168,2026-08-12 20:05:03
FINIETF-EQ,33.39,32.76,31.91,56.26,BUY,100.0,Close above SMMA20; SMMA20 above SMMA120; RSI bullish range,168,2026-08-12 20:05:04
ITC-EQ,276.5,285.33,311.48,37.06,SELL,100.0,Close below SMMA20; SMMA20 below SMMA120; RSI bearish range,168,2026-08-12 20:05:14
CIEINDIA-EQ,411.7,436.38,444.53,37.54,SELL,100.0,Close below SMMA20; SMMA20 below SMMA120; RSI bearish range,168,2026-08-12 20:05:15
CENTRALBK-EQ,31.28,31.77,34.58,46.65,SELL,100.0,Close below SMMA20; SMMA20 below SMMA120; RSI bearish range,168,2026-08-12 20:05:17
UTTAMSUGAR-EQ,253.53,239.35,233.82,61.61,BUY,100.0,Close above SMMA20; SMMA20 above SMMA120; RSI bullish range,168,2026-08-12 20:05:30
ADVANIHOTR-EQ,50.15,51.77,53.83,39.46,SELL,100.0,Close below SMMA20; SMMA20 below SMMA120; RSI bearish range,168,2026-08-12 20:05:36
IDBI-EQ,82.46,83.17,87.86,44.13,SELL,100.0,Close below SMMA20; SMMA20 below SMMA120; RSI bearish range,168,2026-08-12 20:05:43
GUJAPOLLO-EQ,350.0,361.63,391.59,43.91,SELL,100.0,Close below SMMA20; SMMA20 below SMMA120; RSI bearish range,168,2026-08-12 20:05:44
HGM-EQ,49.19,50.74,56.05,46.58,SELL,100.0,Close below SMMA20; SMMA20 below SMMA120; RSI bearish range,168,2026-08-12 20:05:48
DBL-EQ,414.0,432.44,442.16,42.8,SELL,100.0,Close below SMMA20; SMMA20 below SMMA120; RSI bearish range,168,2026-08-12 20:05:50
MMTC-EQ,64.43,64.41,63.34,52.11,BUY,100.0,Close above SMMA20; SMMA20 above SMMA120; RSI bullish range,168,2026-08-12 20:05:52
ASIANTILES-EQ,53.12,54.04,62.94,49.05,SELL,100.0,Close below SMMA20; SMMA20 below SMMA120; RSI bearish range,168,2026-08-12 20:05:54
HINDPETRO-EQ,390.15,392.77,405.92,47.3,SELL,100.0,Close below SMMA20; SMMA20 below SMMA120; RSI bearish range,168,2026-08-12 20:05:58
FLAIR-EQ,249.45,261.35,293.48,40.66,SELL,100.0,Close below SMMA20; SMMA20 below SMMA120; RSI bearish range,168,2026-08-12 20:06:00
GICHSGFIN-EQ,149.31,150.94,155.6,46.33,SELL,100.0,Close below SMMA20; SMMA20 below SMMA120; RSI bearish range,168,2026-08-12 20:06:01
HDFCNEXT50-EQ,76.0,74.06,71.02,65.34,BUY,100.0,Close above SMMA20; SMMA20 above SMMA120; RSI bullish range,168,2026-08-12 20:06:03
DBOL-EQ,113.81,109.28,102.93,57.56,BUY,100.0,Close above SMMA20; SMMA20 above SMMA120; RSI bullish range,168,2026-08-12 20:06:04
GANDHAR-EQ,236.28,215.42,164.79,55.54,BUY,100.0,Close above SMMA20; SMMA20 above SMMA120; RSI bullish range,168,2026-08-12 20:06:08
GENESYS-EQ,208.0,211.35,212.22,47.15,SELL,100.0,Close below SMMA20; SMMA20 below SMMA120; RSI bearish range,168,2026-08-12 20:06:10
WAAREEINDO-EQ,299.0,354.24,402.55,33.54,SELL,100.0,Close below SMMA20; SMMA20 below SMMA120; RSI bearish range,166,2026-08-12 20:06:11
GRMOVER-EQ,91.38,98.22,139.04,44.37,SELL,100.0,Close below SMMA20; SMMA20 below SMMA120; RSI bearish range,168,2026-08-12 20:06:19
UNIONBANK-EQ,187.0,173.35,172.16,68.82,BUY,100.0,Close above SMMA20; SMMA20 above SMMA120; RSI bullish range,168,2026-08-12 20:06:22
SJVN-EQ,67.11,69.84,72.89,33.91,SELL,100.0,Close below SMMA20; SMMA20 below SMMA120; RSI bearish range,168,2026-08-12 20:06:24
UNIENTER-EQ,97.17,101.09,111.34,37.26,SELL,100.0,Close below SMMA20; SMMA20 below SMMA120; RSI bearish range,168,2026-08-12 20:06:26
KCP-EQ,152.99,161.91,165.5,37.45,SELL,100.0,Close below SMMA20; SMMA20 below SMMA120; RSI bearish range,168,2026-08-12 20:06:30
GSEC10YEAR-EQ,30.65,30.37,29.9,56.14,BUY,100.0,Close above SMMA20; SMMA20 above SMMA120; RSI bullish range,167,2026-08-12 20:06:35
FMGOETZE-EQ,489.0,471.57,445.39,60.38,BUY,100.0,Close above SMMA20; SMMA20 above SMMA120; RSI bullish range,168,2026-08-12 20:06:39
BVCL-EQ,40.81,41.69,42.27,45.05,SELL,100.0,Close below SMMA20; SMMA20 below SMMA120; RSI bearish range,168,2026-08-12 20:06:40
NSLNISP-EQ,44.0,43.78,42.26,52.22,BUY,100.0,Close above SMMA20; SMMA20 above SMMA120; RSI bullish range,168,2026-08-12 20:06:42
HDFCBSE500-EQ,38.3,37.55,36.94,59.36,BUY,100.0,Close above SMMA20; SMMA20 above SMMA120; RSI bullish range,168,2026-08-12 20:06:44
HIMATSEIDE-EQ,76.16,81.85,91.71,34.42,SELL,100.0,Close below SMMA20; SMMA20 below SMMA120; RSI bearish range,168,2026-08-12 20:06:46
AEROENTER-EQ,129.29,122.37,97.2,56.43,BUY,100.0,Close above SMMA20; SMMA20 above SMMA120; RSI bullish range,168,2026-08-12 20:06:47
RUCHIRA-EQ,105.33,108.96,112.66,41.2,SELL,100.0,Close below SMMA20; SMMA20 below SMMA120; RSI bearish range,168,2026-08-12 20:06:51
GOLDIAM-EQ,372.85,352.37,295.96,56.61,BUY,100.0,Close above SMMA20; SMMA20 above SMMA120; RSI bullish range,168,2026-08-12 20:06:58
CSBBANK-EQ,319.0,342.48,383.67,36.28,SELL,100.0,Close below SMMA20; SMMA20 below SMMA120; RSI bearish range,168,2026-08-12 20:07:00
COALINDIA-EQ,408.75,427.05,434.76,31.49,SELL,100.0,Close below SMMA20; SMMA20 below SMMA120; RSI bearish range,168,2026-08-12 20:07:04
MASFIN-EQ,305.0,313.11,315.62,43.36,SELL,100.0,Close below SMMA20; SMMA20 below SMMA120; RSI bearish range,168,2026-08-12 20:07:06
MARATHON-EQ,373.3,398.71,450.65,37.18,SELL,100.0,Close below SMMA20; SMMA20 below SMMA120; RSI bearish range,168,2026-08-12 20:07:09
EIHAHOTELS-EQ,292.85,312.47,323.87,33.97,SELL,100.0,Close below SMMA20; SMMA20 below SMMA120; RSI bearish range,168,2026-08-12 20:07:11
KANPRPLA-EQ,234.1,205.98,192.94,69.23,BUY,100.0,Close above SMMA20; SMMA20 above SMMA120; RSI bullish range,168,2026-08-12 20:07:15
IREDA-EQ,117.8,122.23,126.72,37.63,SELL,100.0,Close below SMMA20; SMMA20 below SMMA120; RSI bearish range,168,2026-08-12 20:07:16
ANIKINDS-EQ,40.09,43.1,45.11,38.58,SELL,100.0,Close below SMMA20; SMMA20 below SMMA120; RSI bearish range,168,2026-08-12 20:07:25
COHANCE-EQ,444.35,435.9,412.96,53.44,BUY,100.0,Close above SMMA20; SMMA20 above SMMA120; RSI bullish range,168,2026-08-12 20:07:26
LTGILTBEES-EQ,30.05,29.86,29.4,59.4,BUY,100.0,Close above SMMA20; SMMA20 above SMMA120; RSI bullish range,168,2026-08-12 20:07:27
KOKUYOCMLN-EQ,81.51,85.75,85.89,39.17,SELL,100.0,Close below SMMA20; SMMA20 below SMMA120; RSI bearish range,168,2026-08-12 20:07:30
CAPACITE-EQ,209.05,224.27,234.45,38.7,SELL,100.0,Close below SMMA20; SMMA20 below SMMA120; RSI bearish range,168,2026-08-12 20:07:37
SCILAL-EQ,40.6,42.41,44.42,35.49,SELL,100.0,Close below SMMA20; SMMA20 below SMMA120; RSI bearish range,168,2026-08-12 20:07:40
SMALLCAP-EQ,48.55,46.99,44.05,64.52,BUY,100.0,Close above SMMA20; SMMA20 above SMMA120; RSI bullish range,168,2026-08-12 20:07:43
PALASHSECU-EQ,89.0,90.84,95.37,47.38,SELL,100.0,Close below SMMA20; SMMA20 below SMMA120; RSI bearish range,168,2026-08-12 20:07:45
DYNPRO-EQ,263.5,246.24,236.9,63.34,BUY,100.0,Close above SMMA20; SMMA20 above SMMA120; RSI bullish range,168,2026-08-12 20:07:47
HFCL-EQ,221.52,200.74,126.83,60.44,BUY,100.0,Close above SMMA20; SMMA20 above SMMA120; RSI bullish range,168,2026-08-12 20:07:48
KRONOX-EQ,173.93,154.29,136.38,69.7,BUY,100.0,Close above SMMA20; SMMA20 above SMMA120; RSI bullish range,168,2026-08-12 20:07:54
MANCREDIT-EQ,243.44,229.41,190.0,55.02,BUY,100.0,Close above SMMA20; SMMA20 above SMMA120; RSI bullish range,168,2026-08-12 20:07:55
LICNMID100-EQ,64.52,62.91,60.44,64.21,BUY,100.0,Close above SMMA20; SMMA20 above SMMA120; RSI bullish range,168,2026-08-12 20:07:57
MIDSMALL-EQ,52.55,51.08,48.8,67.2,BUY,100.0,Close above SMMA20; SMMA20 above SMMA120; RSI bullish range,168,2026-08-12 20:07:58
PANAMAPET-EQ,480.55,445.98,337.62,53.72,BUY,100.0,Close above SMMA20; SMMA20 above SMMA120; RSI bullish range,168,2026-08-12 20:07:59
BCLIND-EQ,37.48,35.87,32.59,58.75,BUY,100.0,Close above SMMA20; SMMA20 above SMMA120; RSI bullish range,168,2026-08-12 20:08:01
ADL-EQ,70.21,71.41,72.21,47.86,SELL,100.0,Close below SMMA20; SMMA20 below SMMA120; RSI bearish range,167,2026-08-12 20:08:02
IXIGO-EQ,178.37,191.33,194.3,40.22,SELL,100.0,Close below SMMA20; SMMA20 below SMMA120; RSI bearish range,168,2026-08-12 20:08:03
NCC-EQ,143.41,144.87,150.24,48.99,SELL,100.0,Close below SMMA20; SMMA20 below SMMA120; RSI bearish range,168,2026-08-12 20:08:05
CPSEETF-EQ,93.86,96.27,98.56,32.64,SELL,100.0,Close below SMMA20; SMMA20 below SMMA120; RSI bearish range,168,2026-08-12 20:08:09
ELGIRUBCO-EQ,58.62,56.58,48.1,51.39,BUY,100.0,Close above SMMA20; SMMA20 above SMMA120; RSI bullish range,168,2026-08-12 20:08:10
NAVNETEDUL-EQ,134.15,139.5,142.65,42.74,SELL,100.0,Close below SMMA20; SMMA20 below SMMA120; RSI bearish range,168,2026-08-12 20:08:15
WONDERLA-EQ,470.05,481.72,500.98,43.95,SELL,100.0,Close below SMMA20; SMMA20 below SMMA120; RSI bearish range,168,2026-08-12 20:08:20
GODAVARIB-EQ,261.6,269.96,283.19,47.64,SELL,100.0,Close below SMMA20; SMMA20 below SMMA120; RSI bearish range,168,2026-08-12 20:08:22
JTEKTINDIA-EQ,139.49,137.69,136.67,52.3,BUY,100.0,Close above SMMA20; SMMA20 above SMMA120; RSI bullish range,168,2026-08-12 20:08:23
MOCAPITAL-EQ,53.69,53.66,50.48,51.2,BUY,100.0,Close above SMMA20; SMMA20 above SMMA120; RSI bullish range,168,2026-08-12 20:08:25
STARPAPER-EQ,153.0,145.94,144.67,63.56,BUY,100.0,Close above SMMA20; SMMA20 above SMMA120; RSI bullish range,168,2026-08-12 20:08:30
SCI-EQ,298.8,292.75,268.19,55.11,BUY,100.0,Close above SMMA20; SMMA20 above SMMA120; RSI bullish range,168,2026-08-12 20:08:33
MOMENTUM50-EQ,54.77,52.96,51.73,67.83,BUY,100.0,Close above SMMA20; SMMA20 above SMMA120; RSI bullish range,168,2026-08-12 20:08:37
JINDALSAW-EQ,269.55,259.75,216.44,55.86,BUY,100.0,Close above SMMA20; SMMA20 above SMMA120; RSI bullish range,168,2026-08-12 20:08:40
WINDMACHIN-EQ,306.45,296.29,276.76,58.25,BUY,100.0,Close above SMMA20; SMMA20 above SMMA120; RSI bullish range,168,2026-08-12 20:08:44
ZUARI-EQ,219.45,228.86,242.0,37.46,SELL,100.0,Close below SMMA20; SMMA20 below SMMA120; RSI bearish range,168,2026-08-12 20:08:45
ZENITHEXPO-EQ,238.52,207.31,205.98,67.02,BUY,100.0,Close above SMMA20; SMMA20 above SMMA120; RSI bullish range,165,2026-08-12 20:08:47
RITES-EQ,223.5,219.61,216.84,52.11,BUY,100.0,Close above SMMA20; SMMA20 above SMMA120; RSI bullish range,168,2026-08-12 20:08:50
KRISHIVAL-EQ,405.0,393.64,365.41,62.0,BUY,100.0,Close above SMMA20; SMMA20 above SMMA120; RSI bullish range,168,2026-08-12 20:08:51
TOKYOPLAST-EQ,79.99,82.05,89.01,46.41,SELL,100.0,Close below SMMA20; SMMA20 below SMMA120; RSI bearish range,168,2026-08-12 20:08:54
TMCV-EQ,457.05,425.91,424.49,66.0,BUY,100.0,Close above SMMA20; SMMA20 above SMMA120; RSI bullish range,168,2026-08-12 20:08:57
BHEL-EQ,420.0,404.02,333.7,57.76,BUY,100.0,Close above SMMA20; SMMA20 above SMMA120; RSI bullish range,168,2026-08-12 20:08:59
MOALPHA50-EQ,56.4,54.01,51.12,66.91,BUY,100.0,Close above SMMA20; SMMA20 above SMMA120; RSI bullish range,168,2026-08-12 20:09:05
GROWW-EQ,197.28,196.96,181.92,50.89,BUY,100.0,Close above SMMA20; SMMA20 above SMMA120; RSI bullish range,168,2026-08-12 20:09:09
GANESHCP-EQ,162.0,178.76,193.45,32.8,SELL,100.0,Close below SMMA20; SMMA20 below SMMA120; RSI bearish range,168,2026-08-12 20:09:12
TRUALT-EQ,459.9,452.1,431.69,54.47,BUY,100.0,Close above SMMA20; SMMA20 above SMMA120; RSI bullish range,168,2026-08-12 20:09:14
HEALTHAXIS-EQ,169.42,166.17,154.61,59.19,BUY,100.0,Close above SMMA20; SMMA20 above SMMA120; RSI bullish range,168,2026-08-12 20:09:18
MON50EQUAL-EQ,34.65,33.53,32.93,68.16,BUY,100.0,Close above SMMA20; SMMA20 above SMMA120; RSI bullish range,168,2026-08-12 20:09:20
NORBTEAEXP-EQ,62.0,69.19,79.08,35.36,SELL,100.0,Close below SMMA20; SMMA20 below SMMA120; RSI bearish range,166,2026-08-12 20:09:25
MADRASFERT-EQ,65.16,67.37,69.36,38.22,SELL,100.0,Close below SMMA20; SMMA20 below SMMA120; RSI bearish range,168,2026-08-12 20:09:28
MAFANG-EQ,208.88,196.08,178.3,67.47,BUY,100.0,Close above SMMA20; SMMA20 above SMMA120; RSI bullish range,168,2026-08-12 20:09:29
SHRADHA-EQ,34.0,34.45,36.19,48.05,SELL,100.0,Close below SMMA20; SMMA20 below SMMA120; RSI bearish range,168,2026-08-12 20:09:31
PDSL-EQ,379.4,353.67,327.08,61.99,BUY,100.0,Close above SMMA20; SMMA20 above SMMA120; RSI bullish range,168,2026-08-12 20:09:35
MSCIINDIA-EQ,30.35,29.9,29.77,59.0,BUY,100.0,Close above SMMA20; SMMA20 above SMMA120; RSI bullish range,168,2026-08-12 20:09:38
BAJAJINDEF-EQ,234.9,239.98,271.03,48.24,SELL,100.0,Close below SMMA20; SMMA20 below SMMA120; RSI bearish range,168,2026-08-12 20:09:40
BIOFILCHEM-EQ,32.45,33.27,33.29,44.13,SELL,100.0,Close below SMMA20; SMMA20 below SMMA120; RSI bearish range,168,2026-08-12 20:09:42
PRECWIRE-EQ,422.3,392.46,337.25,60.8,BUY,100.0,Close above SMMA20; SMMA20 above SMMA120; RSI bullish range,168,2026-08-12 20:09:43
KOTHARIPET-EQ,151.0,135.7,125.45,66.45,BUY,100.0,Close above SMMA20; SMMA20 above SMMA120; RSI bullish range,168,2026-08-12 20:09:45
BHARATSE-EQ,235.29,218.99,187.35,57.99,BUY,100.0,Close above SMMA20; SMMA20 above SMMA120; RSI bullish range,168,2026-08-12 20:09:49
TMPV-EQ,342.0,344.55,351.6,49.42,SELL,100.0,Close below SMMA20; SMMA20 below SMMA120; RSI bearish range,168,2026-08-12 20:09:51
BALMLAWRIE-EQ,174.43,177.14,177.17,45.55,SELL,100.0,Close below SMMA20; SMMA20 below SMMA120; RSI bearish range,168,2026-08-12 20:09:54
ACMESOLAR-EQ,372.6,363.19,290.57,52.91,BUY,100.0,Close above SMMA20; SMMA20 above SMMA120; RSI bullish range,168,2026-08-12 20:09:57
ISHANCH-EQ,50.44,53.7,58.62,40.88,SELL,100.0,Close below SMMA20; SMMA20 below SMMA120; RSI bearish range,168,2026-08-12 20:09:59
FCL-EQ,42.65,39.27,29.91,60.23,BUY,100.0,Close above SMMA20; SMMA20 above SMMA120; RSI bullish range,168,2026-08-12 20:10:06
SHANTIGOLD-EQ,230.2,218.5,207.31,65.66,BUY,100.0,Close above SMMA20; SMMA20 above SMMA120; RSI bullish range,168,2026-08-12 20:10:07
MOMNC-EQ,33.8,32.78,31.23,67.4,BUY,100.0,Close above SMMA20; SMMA20 above SMMA120; RSI bullish range,167,2026-08-12 20:10:11
TATACAP-EQ,367.05,354.84,338.03,56.31,BUY,100.0,Close above SMMA20; SMMA20 above SMMA120; RSI bullish range,168,2026-08-12 20:10:13
SHIVAUM-EQ,448.3,407.55,344.19,62.16,BUY,100.0,Close above SMMA20; SMMA20 above SMMA120; RSI bullish range,150,2026-08-12 20:10:16
VIKRAN-EQ,66.12,72.02,75.7,34.53,SELL,100.0,Close below SMMA20; SMMA20 below SMMA120; RSI bearish range,168,2026-08-12 20:10:18
AEQUS-EQ,236.76,229.31,177.83,52.37,BUY,100.0,Close above SMMA20; SMMA20 above SMMA120; RSI bullish range,166,2026-08-12 20:10:27
SHRINGARMS-EQ,229.71,223.69,216.76,57.65,BUY,100.0,Close above SMMA20; SMMA20 above SMMA120; RSI bullish range,168,2026-08-12 20:10:28
MOIPO-EQ,48.49,46.52,44.19,68.18,BUY,100.0,Close above SMMA20; SMMA20 above SMMA120; RSI bullish range,167,2026-08-12 20:10:31
UGROCAP-EQ,93.27,96.43,115.82,41.75,SELL,100.0,Close below SMMA20; SMMA20 below SMMA120; RSI bearish range,168,2026-08-12 20:10:38
ABSLNN50ET-EQ,78.4,76.36,73.07,65.45,BUY,100.0,Close above SMMA20; SMMA20 above SMMA120; RSI bullish range,168,2026-08-12 20:10:41
JKIPL-EQ,100.0,98.06,85.83,52.79,BUY,100.0,Close above SMMA20; SMMA20 above SMMA120; RSI bullish range,168,2026-08-12 20:10:42
ADVENTHTL-EQ,143.66,145.89,170.21,45.54,SELL,100.0,Close below SMMA20; SMMA20 below SMMA120; RSI bearish range,168,2026-08-12 20:10:44
WAKEFIT-EQ,122.87,127.84,152.47,43.18,SELL,100.0,Close below SMMA20; SMMA20 below SMMA120; RSI bearish range,163,2026-08-12 20:10:48
LATENTVIEW-EQ,290.05,300.53,341.3,42.39,SELL,100.0,Close below SMMA20; SMMA20 below SMMA120; RSI bearish range,168,2026-08-12 20:10:49
CRAMC-EQ,257.8,257.95,259.89,47.89,SELL,100.0,Close below SMMA20; SMMA20 below SMMA120; RSI bearish range,168,2026-08-12 20:10:51
LTGILTCASE-EQ,30.64,30.42,29.96,63.32,BUY,100.0,Close above SMMA20; SMMA20 above SMMA120; RSI bullish range,168,2026-08-12 20:10:52
MONARCH-EQ,377.75,365.97,316.0,52.96,BUY,100.0,Close above SMMA20; SMMA20 above SMMA120; RSI bullish range,168,2026-08-12 20:10:56
INOXWIND-EQ,74.0,80.86,95.07,34.97,SELL,100.0,Close below SMMA20; SMMA20 below SMMA120; RSI bearish range,168,2026-08-12 20:11:02
ELECTCAST-EQ,73.56,74.4,75.58,49.73,SELL,100.0,Close below SMMA20; SMMA20 below SMMA120; RSI bearish range,168,2026-08-12 20:11:05
BCONCEPTS-EQ,172.0,189.08,239.06,36.71,SELL,100.0,Close below SMMA20; SMMA20 below SMMA120; RSI bearish range,168,2026-08-12 20:11:06
MID150BEES-EQ,243.29,237.91,228.53,65.38,BUY,100.0,Close above SMMA20; SMMA20 above SMMA120; RSI bullish range,168,2026-08-12 20:11:08
EPL-EQ,243.64,231.24,218.76,61.57,BUY,100.0,Close above SMMA20; SMMA20 above SMMA120; RSI bullish range,168,2026-08-12 20:11:09
PARADEEP-EQ,147.48,141.59,133.53,55.28,BUY,100.0,Close above SMMA20; SMMA20 above SMMA120; RSI bullish range,168,2026-08-12 20:11:12
THEINVEST-EQ,97.7,98.36,103.26,48.77,SELL,100.0,Close below SMMA20; SMMA20 below SMMA120; RSI bearish range,168,2026-08-12 20:11:15
BANKBETF-EQ,58.68,58.18,58.07,54.21,BUY,100.0,Close above SMMA20; SMMA20 above SMMA120; RSI bullish range,168,2026-08-12 20:11:16
JAYNECOIND-EQ,90.67,90.1,86.48,51.95,BUY,100.0,Close above SMMA20; SMMA20 above SMMA120; RSI bullish range,168,2026-08-12 20:11:37
PLATIND-EQ,221.5,227.55,228.1,44.39,SELL,100.0,Close below SMMA20; SMMA20 below SMMA120; RSI bearish range,168,2026-08-12 20:11:40
CROWN-EQ,107.33,113.58,121.48,37.14,SELL,100.0,Close below SMMA20; SMMA20 below SMMA120; RSI bearish range,168,2026-08-12 20:11:43
MOREPENLAB-EQ,73.46,61.46,46.55,64.3,BUY,100.0,Close above SMMA20; SMMA20 above SMMA120; RSI bullish range,168,2026-08-12 20:11:46
BSE500IETF-EQ,39.97,39.32,38.78,60.52,BUY,100.0,Close above SMMA20; SMMA20 above SMMA120; RSI bullish range,168,2026-08-12 20:11:48
VMM-EQ,107.66,112.72,119.2,39.7,SELL,100.0,Close below SMMA20; SMMA20 below SMMA120; RSI bearish range,168,2026-08-12 20:11:53
NIACL-EQ,181.09,174.68,159.24,55.85,BUY,100.0,Close above SMMA20; SMMA20 above SMMA120; RSI bullish range,168,2026-08-12 20:11:55
PRAJIND-EQ,324.35,334.27,334.79,45.42,SELL,100.0,Close below SMMA20; SMMA20 below SMMA120; RSI bearish range,168,2026-08-12 20:12:00
SHREDIGCEM-EQ,71.12,73.18,74.64,41.43,SELL,100.0,Close below SMMA20; SMMA20 below SMMA120; RSI bearish range,168,2026-08-12 20:12:04
NTPCGREEN-EQ,92.46,93.99,95.86,47.72,SELL,100.0,Close below SMMA20; SMMA20 below SMMA120; RSI bearish range,168,2026-08-12 20:12:07
VINEETLAB-EQ,38.99,36.76,34.43,57.26,BUY,100.0,Close above SMMA20; SMMA20 above SMMA120; RSI bullish range,168,2026-08-12 20:12:08
VSSL-EQ,331.1,301.56,273.05,67.91,BUY,100.0,Close above SMMA20; SMMA20 above SMMA120; RSI bullish range,168,2026-08-12 20:12:12
LEMONTREE-EQ,109.16,112.45,121.81,42.23,SELL,100.0,Close below SMMA20; SMMA20 below SMMA120; RSI bearish range,168,2026-08-12 20:12:15
SHANTIGEAR-EQ,400.0,423.82,446.04,31.13,SELL,100.0,Close below SMMA20; SMMA20 below SMMA120; RSI bearish range,168,2026-08-12 20:12:20
INNOVANA-EQ,324.0,330.97,365.17,46.76,SELL,100.0,Close below SMMA20; SMMA20 below SMMA120; RSI bearish range,168,2026-08-12 20:12:23
GODIGIT-EQ,262.05,281.93,313.81,40.23,SELL,100.0,Close below SMMA20; SMMA20 below SMMA120; RSI bearish range,168,2026-08-12 20:12:25
HERANBA-EQ,172.0,180.87,200.7,36.55,SELL,100.0,Close below SMMA20; SMMA20 below SMMA120; RSI bearish range,168,2026-08-12 20:12:26
KROSS-EQ,204.77,196.2,192.21,56.32,BUY,100.0,Close above SMMA20; SMMA20 above SMMA120; RSI bullish range,168,2026-08-12 20:12:28
RALLIS-EQ,209.41,224.16,248.1,31.68,SELL,100.0,Close below SMMA20; SMMA20 below SMMA120; RSI bearish range,168,2026-08-12 20:12:32
SONATSOFTW-EQ,323.45,304.66,292.03,55.08,BUY,100.0,Close above SMMA20; SMMA20 above SMMA120; RSI bullish range,168,2026-08-12 20:12:33
IFGLEXPOR-EQ,212.05,207.17,187.44,51.07,BUY,100.0,Close above SMMA20; SMMA20 above SMMA120; RSI bullish range,168,2026-08-12 20:12:36
BSL-EQ,122.51,125.63,130.88,40.3,SELL,100.0,Close below SMMA20; SMMA20 below SMMA120; RSI bearish range,168,2026-08-12 20:12:39
CONSUMAXIS-EQ,124.8,121.88,119.21,60.19,BUY,100.0,Close above SMMA20; SMMA20 above SMMA120; RSI bullish range,168,2026-08-12 20:12:40
NYKAA-EQ,326.0,318.09,276.38,51.89,BUY,100.0,Close above SMMA20; SMMA20 above SMMA120; RSI bullish range,168,2026-08-12 20:12:42
SMARTWORKS-EQ,490.2,473.63,450.05,57.09,BUY,100.0,Close above SMMA20; SMMA20 above SMMA120; RSI bullish range,168,2026-08-12 20:12:44
CUB-EQ,215.85,212.92,204.88,51.2,BUY,100.0,Close above SMMA20; SMMA20 above SMMA120; RSI bullish range,168,2026-08-12 20:12:53
MSCIADD-EQ,30.5,29.69,29.48,61.05,BUY,100.0,Close above SMMA20; SMMA20 above SMMA120; RSI bullish range,166,2026-08-12 20:12:56
GROWWMC150-EQ,232.18,230.16,221.38,51.73,BUY,100.0,Close above SMMA20; SMMA20 above SMMA120; RSI bullish range,168,2026-08-12 20:12:57
DMCC-EQ,302.9,272.94,254.07,64.92,BUY,100.0,Close above SMMA20; SMMA20 above SMMA120; RSI bullish range,168,2026-08-12 20:12:58
JAINREC-EQ,303.0,340.63,392.26,33.16,SELL,100.0,Close below SMMA20; SMMA20 below SMMA120; RSI bearish range,168,2026-08-12 20:13:00
MWL-EQ,41.6,38.14,31.96,65.87,BUY,100.0,Close above SMMA20; SMMA20 above SMMA120; RSI bullish range,168,2026-08-12 20:13:01
CHEMICAL-EQ,30.56,30.11,28.75,54.0,BUY,100.0,Close above SMMA20; SMMA20 above SMMA120; RSI bullish range,168,2026-08-12 20:13:03
IRCON-EQ,126.18,131.12,143.12,40.02,SELL,100.0,Close below SMMA20; SMMA20 below SMMA120; RSI bearish range,168,2026-08-12 20:13:04
INDIQUBE-EQ,185.2,173.87,173.35,62.3,BUY,100.0,Close above SMMA20; SMMA20 above SMMA120; RSI bullish range,168,2026-08-12 20:13:07
NIPPOBATRY-EQ,330.9,335.48,351.82,48.64,SELL,100.0,Close below SMMA20; SMMA20 below SMMA120; RSI bearish range,168,2026-08-12 20:13:08
BAJAJHCARE-EQ,326.9,331.56,340.85,45.85,SELL,100.0,Close below SMMA20; SMMA20 below SMMA120; RSI bearish range,168,2026-08-12 20:13:10
EQUAL50-EQ,337.69,333.19,328.13,57.16,BUY,100.0,Close above SMMA20; SMMA20 above SMMA120; RSI bullish range,168,2026-08-12 20:13:11
MBEL-EQ,267.3,299.04,316.71,32.07,SELL,100.0,Close below SMMA20; SMMA20 below SMMA120; RSI bearish range,168,2026-08-12 20:13:12
MODIS-EQ,405.5,376.36,342.58,61.94,BUY,100.0,Close above SMMA20; SMMA20 above SMMA120; RSI bullish range,168,2026-08-12 20:13:14
MEIL-EQ,274.95,292.09,297.64,37.15,SELL,100.0,Close below SMMA20; SMMA20 below SMMA120; RSI bearish range,168,2026-08-12 20:13:15
ARSSBL-EQ,495.8,526.75,550.6,34.55,SELL,100.0,Close below SMMA20; SMMA20 below SMMA120; RSI bearish range,168,2026-08-12 20:13:17
MAHLIFE-EQ,382.2,373.66,360.37,53.41,BUY,100.0,Close above SMMA20; SMMA20 above SMMA120; RSI bullish range,168,2026-08-12 20:13:18
EXCELSOFT-EQ,75.17,79.43,82.7,41.33,SELL,100.0,Close below SMMA20; SMMA20 below SMMA120; RSI bearish range,168,2026-08-12 20:13:19
CAMPUS-EQ,219.03,226.88,243.56,43.11,SELL,100.0,Close below SMMA20; SMMA20 below SMMA120; RSI bearish range,168,2026-08-12 20:13:21
TATAMOTORS-EQ,342.0,344.55,351.6,49.42,SELL,100.0,Close below SMMA20; SMMA20 below SMMA120; RSI bearish range,168,2026-08-12 20:13:22
RITCO-EQ,301.35,282.69,249.48,59.07,BUY,100.0,Close above SMMA20; SMMA20 above SMMA120; RSI bullish range,168,2026-08-12 20:13:24
DCW-EQ,45.97,47.04,48.44,44.42,SELL,100.0,Close below SMMA20; SMMA20 below SMMA120; RSI bearish range,168,2026-08-12 20:13:25
GSEC5IETF-EQ,66.45,66.05,64.85,53.92,BUY,100.0,Close above SMMA20; SMMA20 above SMMA120; RSI bullish range,168,2026-08-12 20:13:31
DALMIASUG-EQ,410.1,371.24,334.37,63.99,BUY,100.0,Close above SMMA20; SMMA20 above SMMA120; RSI bullish range,168,2026-08-12 20:13:33
UMIYA-MRO-EQ,89.8,89.28,86.25,50.8,BUY,100.0,Close above SMMA20; SMMA20 above SMMA120; RSI bullish range,168,2026-08-12 20:13:35
SHREERAMA-EQ,38.38,40.9,49.11,38.98,SELL,100.0,Close below SMMA20; SMMA20 below SMMA120; RSI bearish range,168,2026-08-12 20:13:36
