date,Symbol,close,future_return,target,prediction,probability_up,probability_down,fold,train_start,train_end,test_start,test_end,confidence,direction,trade_return,position_size,optimized_return,result
2026-02-01 00:00:00+05:30,SUZLON-EQ,46.17,0.0405024907948883,1,1,0.7097031036527771,0.2902968963472229,3,2025-09-23 00:00:00+05:30,2026-01-30 00:00:00+05:30,2026-02-01 00:00:00+05:30,2026-04-02 00:00:00+05:30,0.7097031036527771,BUY,0.0405024907948883,1.0,0.0405024907948883,WIN
2026-02-01 00:00:00+05:30,TATAMOTORS-EQ,344.65,0.0721021325982882,1,1,0.7113899051719109,0.2886100948280891,3,2025-09-23 00:00:00+05:30,2026-01-30 00:00:00+05:30,2026-02-01 00:00:00+05:30,2026-04-02 00:00:00+05:30,0.7113899051719109,BUY,0.0721021325982882,1.0,0.0721021325982882,WIN
2026-02-02 00:00:00+05:30,SUZLON-EQ,46.99,0.0255373483719938,1,1,0.7332871432606484,0.2667128567393516,3,2025-09-23 00:00:00+05:30,2026-01-30 00:00:00+05:30,2026-02-01 00:00:00+05:30,2026-04-02 00:00:00+05:30,0.7332871432606484,BUY,0.0255373483719938,1.0,0.0255373483719938,WIN
2026-02-05 00:00:00+05:30,SUZLON-EQ,47.85,-0.0217345872518286,0,1,0.6818218796995719,0.3181781203004281,3,2025-09-23 00:00:00+05:30,2026-01-30 00:00:00+05:30,2026-02-01 00:00:00+05:30,2026-04-02 00:00:00+05:30,0.6818218796995719,BUY,-0.0217345872518286,1.0,-0.0217345872518286,LOSS
2026-02-06 00:00:00+05:30,TATAMOTORS-EQ,369.5,0.0290933694181325,1,0,0.3280621656869675,0.6719378343130324,3,2025-09-23 00:00:00+05:30,2026-01-30 00:00:00+05:30,2026-02-01 00:00:00+05:30,2026-04-02 00:00:00+05:30,0.6719378343130324,SELL,-0.0290933694181325,1.0,-0.0290933694181325,LOSS
2026-02-06 00:00:00+05:30,SUZLON-EQ,48.04,-0.0493338884263113,0,1,0.6691893241822766,0.3308106758177234,3,2025-09-23 00:00:00+05:30,2026-01-30 00:00:00+05:30,2026-02-01 00:00:00+05:30,2026-04-02 00:00:00+05:30,0.6691893241822766,BUY,-0.0493338884263113,1.0,-0.0493338884263113,LOSS
2026-02-09 00:00:00+05:30,TATAMOTORS-EQ,377.4,-0.0003974562798091,0,0,0.3496162550858753,0.6503837449141247,3,2025-09-23 00:00:00+05:30,2026-01-30 00:00:00+05:30,2026-02-01 00:00:00+05:30,2026-04-02 00:00:00+05:30,0.6503837449141247,SELL,0.0003974562798091,1.0,0.0003974562798091,WIN
2026-02-10 00:00:00+05:30,TATAMOTORS-EQ,379.35,0.0092263081586925,1,0,0.2137439823181111,0.7862560176818888,3,2025-09-23 00:00:00+05:30,2026-01-30 00:00:00+05:30,2026-02-01 00:00:00+05:30,2026-04-02 00:00:00+05:30,0.7862560176818888,SELL,-0.0092263081586925,1.0,-0.0092263081586925,LOSS
2026-02-11 00:00:00+05:30,TATAMOTORS-EQ,384.7,-0.0048089420327527,0,0,0.2791780902168327,0.7208219097831673,3,2025-09-23 00:00:00+05:30,2026-01-30 00:00:00+05:30,2026-02-01 00:00:00+05:30,2026-04-02 00:00:00+05:30,0.7208219097831673,SELL,0.0048089420327527,1.0,0.0048089420327527,WIN
2026-02-11 00:00:00+05:30,SBIN-EQ,1182.9,0.0304336799391327,1,0,0.3264430633937213,0.6735569366062786,3,2025-09-23 00:00:00+05:30,2026-01-30 00:00:00+05:30,2026-02-01 00:00:00+05:30,2026-04-02 00:00:00+05:30,0.6735569366062786,SELL,-0.0304336799391327,1.0,-0.0304336799391327,LOSS
2026-02-12 00:00:00+05:30,SBIN-EQ,1192.4,0.0111539751761153,1,0,0.3086784615817902,0.6913215384182099,3,2025-09-23 00:00:00+05:30,2026-01-30 00:00:00+05:30,2026-02-01 00:00:00+05:30,2026-04-02 00:00:00+05:30,0.6913215384182099,SELL,-0.0111539751761153,1.0,-0.0111539751761153,LOSS
2026-02-12 00:00:00+05:30,TATAMOTORS-EQ,383.45,-0.0202112400573738,0,0,0.2202255174066363,0.7797744825933637,3,2025-09-23 00:00:00+05:30,2026-01-30 00:00:00+05:30,2026-02-01 00:00:00+05:30,2026-04-02 00:00:00+05:30,0.7797744825933637,SELL,0.0202112400573738,1.0,0.0202112400573738,WIN
2026-02-13 00:00:00+05:30,RELIANCE-EQ,1419.6,-0.0001408847562692,0,0,0.3004414053789452,0.6995585946210547,3,2025-09-23 00:00:00+05:30,2026-01-30 00:00:00+05:30,2026-02-01 00:00:00+05:30,2026-04-02 00:00:00+05:30,0.6995585946210547,SELL,0.0001408847562692,1.0,0.0001408847562692,WIN
2026-02-13 00:00:00+05:30,SBIN-EQ,1198.6,0.0146003670949441,1,0,0.3326838938253217,0.6673161061746782,3,2025-09-23 00:00:00+05:30,2026-01-30 00:00:00+05:30,2026-02-01 00:00:00+05:30,2026-04-02 00:00:00+05:30,0.6673161061746782,SELL,-0.0146003670949441,1.0,-0.0146003670949441,LOSS
2026-02-13 00:00:00+05:30,TATAMOTORS-EQ,380.25,-0.0059171597633136,0,0,0.2281343054041021,0.7718656945958979,3,2025-09-23 00:00:00+05:30,2026-01-30 00:00:00+05:30,2026-02-01 00:00:00+05:30,2026-04-02 00:00:00+05:30,0.7718656945958979,SELL,0.0059171597633136,1.0,0.0059171597633136,WIN
2026-02-16 00:00:00+05:30,SBIN-EQ,1208.1,0.0163065971359988,1,0,0.3474342462811961,0.6525657537188039,3,2025-09-23 00:00:00+05:30,2026-01-30 00:00:00+05:30,2026-02-01 00:00:00+05:30,2026-04-02 00:00:00+05:30,0.6525657537188039,SELL,-0.0163065971359988,1.0,-0.0163065971359988,LOSS
2026-02-16 00:00:00+05:30,SUZLON-EQ,46.21,-0.0424150616749621,0,1,0.654451293927554,0.345548706072446,3,2025-09-23 00:00:00+05:30,2026-01-30 00:00:00+05:30,2026-02-01 00:00:00+05:30,2026-04-02 00:00:00+05:30,0.654451293927554,BUY,-0.0424150616749621,1.0,-0.0424150616749621,LOSS
2026-02-16 00:00:00+05:30,TATAMOTORS-EQ,377.25,0.0071570576540755,1,0,0.207387465121946,0.7926125348780539,3,2025-09-23 00:00:00+05:30,2026-01-30 00:00:00+05:30,2026-02-01 00:00:00+05:30,2026-04-02 00:00:00+05:30,0.7926125348780539,SELL,-0.0071570576540755,1.0,-0.0071570576540755,LOSS
2026-02-17 00:00:00+05:30,SBIN-EQ,1213.4,0.0081588923685511,1,0,0.3346107978637138,0.6653892021362862,3,2025-09-23 00:00:00+05:30,2026-01-30 00:00:00+05:30,2026-02-01 00:00:00+05:30,2026-04-02 00:00:00+05:30,0.6653892021362862,SELL,-0.0081588923685511,1.0,-0.0081588923685511,LOSS
2026-02-17 00:00:00+05:30,TATAMOTORS-EQ,382.85,-0.0138435418571242,0,0,0.250482168194885,0.749517831805115,3,2025-09-23 00:00:00+05:30,2026-01-30 00:00:00+05:30,2026-02-01 00:00:00+05:30,2026-04-02 00:00:00+05:30,0.749517831805115,SELL,0.0138435418571242,1.0,0.0138435418571242,WIN
2026-02-18 00:00:00+05:30,TATAMOTORS-EQ,382.85,-0.0026119890296461,0,0,0.2030795491761156,0.7969204508238844,3,2025-09-23 00:00:00+05:30,2026-01-30 00:00:00+05:30,2026-02-01 00:00:00+05:30,2026-04-02 00:00:00+05:30,0.7969204508238844,SELL,0.0026119890296461,1.0,0.0026119890296461,WIN
2026-02-19 00:00:00+05:30,SBIN-EQ,1205.7,0.0031516961101434,1,0,0.3496345567292984,0.6503654432707016,3,2025-09-23 00:00:00+05:30,2026-01-30 00:00:00+05:30,2026-02-01 00:00:00+05:30,2026-04-02 00:00:00+05:30,0.6503654432707016,SELL,-0.0031516961101434,1.0,-0.0031516961101434,LOSS
2026-02-19 00:00:00+05:30,TATAMOTORS-EQ,375.7,0.0421879158903379,1,0,0.1587239403771704,0.8412760596228295,3,2025-09-23 00:00:00+05:30,2026-01-30 00:00:00+05:30,2026-02-01 00:00:00+05:30,2026-04-02 00:00:00+05:30,0.8412760596228295,SELL,-0.0421879158903379,1.0,-0.0421879158903379,LOSS
2026-02-19 00:00:00+05:30,RELIANCE-EQ,1409.5,-0.0019155728981908,0,0,0.3494132149464001,0.6505867850535999,3,2025-09-23 00:00:00+05:30,2026-01-30 00:00:00+05:30,2026-02-01 00:00:00+05:30,2026-04-02 00:00:00+05:30,0.6505867850535999,SELL,0.0019155728981908,1.0,0.0019155728981908,WIN
2026-02-20 00:00:00+05:30,TATAMOTORS-EQ,378.0,0.0123015873015872,1,0,0.1790102231318711,0.8209897768681289,3,2025-09-23 00:00:00+05:30,2026-01-30 00:00:00+05:30,2026-02-01 00:00:00+05:30,2026-04-02 00:00:00+05:30,0.8209897768681289,SELL,-0.0123015873015872,1.0,-0.0123015873015872,LOSS
2026-02-20 00:00:00+05:30,SUZLON-EQ,44.46,-0.0402609086819613,0,1,0.7231937354041462,0.2768062645958538,3,2025-09-23 00:00:00+05:30,2026-01-30 00:00:00+05:30,2026-02-01 00:00:00+05:30,2026-04-02 00:00:00+05:30,0.7231937354041462,BUY,-0.0402609086819613,1.0,-0.0402609086819613,LOSS
2026-02-23 00:00:00+05:30,TATAMOTORS-EQ,379.95,-0.0246085011185681,0,0,0.2264550171329714,0.7735449828670286,3,2025-09-23 00:00:00+05:30,2026-01-30 00:00:00+05:30,2026-02-01 00:00:00+05:30,2026-04-02 00:00:00+05:30,0.7735449828670286,SELL,0.0246085011185681,1.0,0.0246085011185681,WIN
2026-02-23 00:00:00+05:30,SUZLON-EQ,44.25,-0.0745762711864406,0,1,0.6816402500748421,0.3183597499251579,3,2025-09-23 00:00:00+05:30,2026-01-30 00:00:00+05:30,2026-02-01 00:00:00+05:30,2026-04-02 00:00:00+05:30,0.6816402500748421,BUY,-0.0745762711864406,1.0,-0.0745762711864406,LOSS
2026-02-24 00:00:00+05:30,TATAMOTORS-EQ,377.55,-0.0697920805191365,0,0,0.2145869076702641,0.7854130923297359,3,2025-09-23 00:00:00+05:30,2026-01-30 00:00:00+05:30,2026-02-01 00:00:00+05:30,2026-04-02 00:00:00+05:30,0.7854130923297359,SELL,0.0697920805191365,1.0,0.0697920805191365,WIN
2026-02-24 00:00:00+05:30,SUZLON-EQ,44.13,-0.0951733514615907,0,1,0.7709351225541571,0.2290648774458429,3,2025-09-23 00:00:00+05:30,2026-01-30 00:00:00+05:30,2026-02-01 00:00:00+05:30,2026-04-02 00:00:00+05:30,0.7709351225541571,BUY,-0.0951733514615907,1.0,-0.0951733514615907,LOSS
2026-02-25 00:00:00+05:30,SUZLON-EQ,43.18,-0.0678554886521537,0,1,0.7675301002203873,0.2324698997796127,3,2025-09-23 00:00:00+05:30,2026-01-30 00:00:00+05:30,2026-02-01 00:00:00+05:30,2026-04-02 00:00:00+05:30,0.7675301002203873,BUY,-0.0678554886521537,1.0,-0.0678554886521537,LOSS
2026-02-25 00:00:00+05:30,TATAMOTORS-EQ,381.85,-0.0699227445331938,0,0,0.2269578947370573,0.7730421052629426,3,2025-09-23 00:00:00+05:30,2026-01-30 00:00:00+05:30,2026-02-01 00:00:00+05:30,2026-04-02 00:00:00+05:30,0.7730421052629426,SELL,0.0699227445331938,1.0,0.0699227445331938,WIN
2026-02-26 00:00:00+05:30,SUZLON-EQ,43.27,-0.0758030968338341,0,1,0.7508125171868151,0.2491874828131849,3,2025-09-23 00:00:00+05:30,2026-01-30 00:00:00+05:30,2026-02-01 00:00:00+05:30,2026-04-02 00:00:00+05:30,0.7508125171868151,BUY,-0.0758030968338341,1.0,-0.0758030968338341,LOSS
2026-02-27 00:00:00+05:30,TATAMOTORS-EQ,382.65,-0.1323663922644714,0,0,0.1819986697195097,0.8180013302804903,3,2025-09-23 00:00:00+05:30,2026-01-30 00:00:00+05:30,2026-02-01 00:00:00+05:30,2026-04-02 00:00:00+05:30,0.8180013302804903,SELL,0.1323663922644714,1.0,0.1323663922644714,WIN
2026-02-27 00:00:00+05:30,SUZLON-EQ,42.67,-0.0714787907194751,0,1,0.7689885954288826,0.2310114045711173,3,2025-09-23 00:00:00+05:30,2026-01-30 00:00:00+05:30,2026-02-01 00:00:00+05:30,2026-04-02 00:00:00+05:30,0.7689885954288826,BUY,-0.0714787907194751,1.0,-0.0714787907194751,LOSS
2026-02-27 00:00:00+05:30,ITC-EQ,313.6,-0.024234693877551,0,0,0.3390854654930418,0.6609145345069581,3,2025-09-23 00:00:00+05:30,2026-01-30 00:00:00+05:30,2026-02-01 00:00:00+05:30,2026-04-02 00:00:00+05:30,0.6609145345069581,SELL,0.024234693877551,1.0,0.024234693877551,WIN
2026-03-02 00:00:00+05:30,TATAMOTORS-EQ,370.6,-0.0685375067458177,0,0,0.2709349059060353,0.7290650940939647,3,2025-09-23 00:00:00+05:30,2026-01-30 00:00:00+05:30,2026-02-01 00:00:00+05:30,2026-04-02 00:00:00+05:30,0.7290650940939647,SELL,0.0685375067458177,1.0,0.0685375067458177,WIN
2026-03-02 00:00:00+05:30,SUZLON-EQ,40.95,0.0122100122100121,1,1,0.6831186933612419,0.3168813066387581,3,2025-09-23 00:00:00+05:30,2026-01-30 00:00:00+05:30,2026-02-01 00:00:00+05:30,2026-04-02 00:00:00+05:30,0.6831186933612419,BUY,0.0122100122100121,1.0,0.0122100122100121,WIN
2026-03-04 00:00:00+05:30,TATAMOTORS-EQ,351.2,-0.0451309794988609,0,0,0.1758792059315878,0.8241207940684122,3,2025-09-23 00:00:00+05:30,2026-01-30 00:00:00+05:30,2026-02-01 00:00:00+05:30,2026-04-02 00:00:00+05:30,0.8241207940684122,SELL,0.0451309794988609,1.0,0.0451309794988609,WIN
2026-03-05 00:00:00+05:30,TATAMOTORS-EQ,355.15,-0.0861607771364211,0,0,0.3370336146283765,0.6629663853716234,3,2025-09-23 00:00:00+05:30,2026-01-30 00:00:00+05:30,2026-02-01 00:00:00+05:30,2026-04-02 00:00:00+05:30,0.6629663853716234,SELL,0.0861607771364211,1.0,0.0861607771364211,WIN
2026-03-05 00:00:00+05:30,SUZLON-EQ,40.25,0.0541614906832297,1,1,0.7158317415476492,0.2841682584523508,3,2025-09-23 00:00:00+05:30,2026-01-30 00:00:00+05:30,2026-02-01 00:00:00+05:30,2026-04-02 00:00:00+05:30,0.7158317415476492,BUY,0.0541614906832297,1.0,0.0541614906832297,WIN
2026-03-06 00:00:00+05:30,SUZLON-EQ,39.99,0.0355088772193046,1,1,0.6797385160805058,0.3202614839194941,3,2025-09-23 00:00:00+05:30,2026-01-30 00:00:00+05:30,2026-02-01 00:00:00+05:30,2026-04-02 00:00:00+05:30,0.6797385160805058,BUY,0.0355088772193046,1.0,0.0355088772193046,WIN
2026-03-06 00:00:00+05:30,TATAMOTORS-EQ,350.75,-0.1044903777619385,0,0,0.2539960621655243,0.7460039378344757,3,2025-09-23 00:00:00+05:30,2026-01-30 00:00:00+05:30,2026-02-01 00:00:00+05:30,2026-04-02 00:00:00+05:30,0.7460039378344757,SELL,0.1044903777619385,1.0,0.1044903777619385,WIN
2026-03-09 00:00:00+05:30,ITC-EQ,306.0,0.0073529411764705,1,1,0.6699666003505697,0.3300333996494303,3,2025-09-23 00:00:00+05:30,2026-01-30 00:00:00+05:30,2026-02-01 00:00:00+05:30,2026-04-02 00:00:00+05:30,0.6699666003505697,BUY,0.0073529411764705,1.0,0.0073529411764705,WIN
2026-03-09 00:00:00+05:30,SUZLON-EQ,39.62,0.0350832912670369,1,1,0.6765435238865625,0.3234564761134375,3,2025-09-23 00:00:00+05:30,2026-01-30 00:00:00+05:30,2026-02-01 00:00:00+05:30,2026-04-02 00:00:00+05:30,0.6765435238865625,BUY,0.0350832912670369,1.0,0.0350832912670369,WIN
2026-03-09 00:00:00+05:30,SBIN-EQ,1098.5,-0.0289485662266727,0,0,0.3206703414201524,0.6793296585798476,3,2025-09-23 00:00:00+05:30,2026-01-30 00:00:00+05:30,2026-02-01 00:00:00+05:30,2026-04-02 00:00:00+05:30,0.6793296585798476,SELL,0.0289485662266727,1.0,0.0289485662266727,WIN
2026-03-09 00:00:00+05:30,TATAMOTORS-EQ,332.0,-0.0530120481927711,0,0,0.1745518129533182,0.8254481870466818,3,2025-09-23 00:00:00+05:30,2026-01-30 00:00:00+05:30,2026-02-01 00:00:00+05:30,2026-04-02 00:00:00+05:30,0.8254481870466818,SELL,0.0530120481927711,1.0,0.0530120481927711,WIN
2026-03-10 00:00:00+05:30,SUZLON-EQ,41.45,-0.0043425814234017,0,1,0.7535110772267063,0.2464889227732937,3,2025-09-23 00:00:00+05:30,2026-01-30 00:00:00+05:30,2026-02-01 00:00:00+05:30,2026-04-02 00:00:00+05:30,0.7535110772267063,BUY,-0.0043425814234017,1.0,-0.0043425814234017,LOSS
2026-03-10 00:00:00+05:30,TATAMOTORS-EQ,345.2,-0.0753186558516801,0,0,0.3342026925617845,0.6657973074382155,3,2025-09-23 00:00:00+05:30,2026-01-30 00:00:00+05:30,2026-02-01 00:00:00+05:30,2026-04-02 00:00:00+05:30,0.6657973074382155,SELL,0.0753186558516801,1.0,0.0753186558516801,WIN
2026-03-11 00:00:00+05:30,TATAMOTORS-EQ,335.35,-0.0316087669598926,0,0,0.2543401857199865,0.7456598142800135,3,2025-09-23 00:00:00+05:30,2026-01-30 00:00:00+05:30,2026-02-01 00:00:00+05:30,2026-04-02 00:00:00+05:30,0.7456598142800135,SELL,0.0316087669598926,1.0,0.0316087669598926,WIN
2026-03-11 00:00:00+05:30,SUZLON-EQ,41.62,0.0105718404613168,1,1,0.7574479758448871,0.2425520241551129,3,2025-09-23 00:00:00+05:30,2026-01-30 00:00:00+05:30,2026-02-01 00:00:00+05:30,2026-04-02 00:00:00+05:30,0.7574479758448871,BUY,0.0105718404613168,1.0,0.0105718404613168,WIN
2026-03-11 00:00:00+05:30,ITC-EQ,309.0,-0.0160194174757281,0,1,0.7958888544156486,0.2041111455843514,3,2025-09-23 00:00:00+05:30,2026-01-30 00:00:00+05:30,2026-02-01 00:00:00+05:30,2026-04-02 00:00:00+05:30,0.7958888544156486,BUY,-0.0160194174757281,1.0,-0.0160194174757281,LOSS
2026-03-11 00:00:00+05:30,SBIN-EQ,1091.1,-0.0195215837228485,0,0,0.3407678970247524,0.6592321029752475,3,2025-09-23 00:00:00+05:30,2026-01-30 00:00:00+05:30,2026-02-01 00:00:00+05:30,2026-04-02 00:00:00+05:30,0.6592321029752475,SELL,0.0195215837228485,1.0,0.0195215837228485,WIN
2026-03-12 00:00:00+05:30,TATAMOTORS-EQ,324.55,-0.0469881374210445,0,0,0.2061334934512247,0.7938665065487752,3,2025-09-23 00:00:00+05:30,2026-01-30 00:00:00+05:30,2026-02-01 00:00:00+05:30,2026-04-02 00:00:00+05:30,0.7938665065487752,SELL,0.0469881374210445,1.0,0.0469881374210445,WIN
2026-03-12 00:00:00+05:30,SBIN-EQ,1085.2,-0.0334500552893475,0,0,0.3293721724730917,0.6706278275269083,3,2025-09-23 00:00:00+05:30,2026-01-30 00:00:00+05:30,2026-02-01 00:00:00+05:30,2026-04-02 00:00:00+05:30,0.6706278275269083,SELL,0.0334500552893475,1.0,0.0334500552893475,WIN
2026-03-12 00:00:00+05:30,SUZLON-EQ,42.43,-0.0315814282347395,0,1,0.7770742114699302,0.2229257885300698,3,2025-09-23 00:00:00+05:30,2026-01-30 00:00:00+05:30,2026-02-01 00:00:00+05:30,2026-04-02 00:00:00+05:30,0.7770742114699302,BUY,-0.0315814282347395,1.0,-0.0315814282347395,LOSS
2026-03-13 00:00:00+05:30,ITC-EQ,301.45,-0.0049759495770442,0,1,0.6677153286318912,0.3322846713681088,3,2025-09-23 00:00:00+05:30,2026-01-30 00:00:00+05:30,2026-02-01 00:00:00+05:30,2026-04-02 00:00:00+05:30,0.6677153286318912,BUY,-0.0049759495770442,1.0,-0.0049759495770442,LOSS
2026-03-13 00:00:00+05:30,SBIN-EQ,1047.0,0.0105062082139446,1,0,0.3192121592945582,0.6807878407054417,3,2025-09-23 00:00:00+05:30,2026-01-30 00:00:00+05:30,2026-02-01 00:00:00+05:30,2026-04-02 00:00:00+05:30,0.6807878407054417,SELL,-0.0105062082139446,1.0,-0.0105062082139446,LOSS
2026-03-13 00:00:00+05:30,SUZLON-EQ,41.41,0.0130403284230864,1,1,0.7622835560909134,0.2377164439090866,3,2025-09-23 00:00:00+05:30,2026-01-30 00:00:00+05:30,2026-02-01 00:00:00+05:30,2026-04-02 00:00:00+05:30,0.7622835560909134,BUY,0.0130403284230864,1.0,0.0130403284230864,WIN
2026-03-13 00:00:00+05:30,TATAMOTORS-EQ,314.1,0.0,0,0,0.1143656939848958,0.8856343060151042,3,2025-09-23 00:00:00+05:30,2026-01-30 00:00:00+05:30,2026-02-01 00:00:00+05:30,2026-04-02 00:00:00+05:30,0.8856343060151042,SELL,-0.0,1.0,-0.0,FLAT
2026-03-16 00:00:00+05:30,SUZLON-EQ,41.01,-0.0260911972689588,0,1,0.7906803545622025,0.2093196454377974,3,2025-09-23 00:00:00+05:30,2026-01-30 00:00:00+05:30,2026-02-01 00:00:00+05:30,2026-04-02 00:00:00+05:30,0.7906803545622025,BUY,-0.0260911972689588,1.0,-0.0260911972689588,LOSS
2026-03-16 00:00:00+05:30,TATAMOTORS-EQ,314.4,-0.0291030534351144,0,0,0.253603030301965,0.746396969698035,3,2025-09-23 00:00:00+05:30,2026-01-30 00:00:00+05:30,2026-02-01 00:00:00+05:30,2026-04-02 00:00:00+05:30,0.746396969698035,SELL,0.0291030534351144,1.0,0.0291030534351144,WIN
2026-03-17 00:00:00+05:30,TATAMOTORS-EQ,319.2,-0.025062656641604,0,0,0.2517799737334844,0.7482200262665156,3,2025-09-23 00:00:00+05:30,2026-01-30 00:00:00+05:30,2026-02-01 00:00:00+05:30,2026-04-02 00:00:00+05:30,0.7482200262665156,SELL,0.025062656641604,1.0,0.025062656641604,WIN
2026-03-17 00:00:00+05:30,SBIN-EQ,1064.7,-0.031839954916878,0,0,0.3329342998529812,0.6670657001470188,3,2025-09-23 00:00:00+05:30,2026-01-30 00:00:00+05:30,2026-02-01 00:00:00+05:30,2026-04-02 00:00:00+05:30,0.6670657001470188,SELL,0.031839954916878,1.0,0.031839954916878,WIN
2026-03-17 00:00:00+05:30,SUZLON-EQ,41.27,-0.0055730554882482,0,1,0.8068482523941404,0.1931517476058596,3,2025-09-23 00:00:00+05:30,2026-01-30 00:00:00+05:30,2026-02-01 00:00:00+05:30,2026-04-02 00:00:00+05:30,0.8068482523941404,BUY,-0.0055730554882482,1.0,-0.0055730554882482,LOSS
2026-03-17 00:00:00+05:30,ITC-EQ,304.85,-0.0446121043135969,0,1,0.6528929984088009,0.3471070015911991,3,2025-09-23 00:00:00+05:30,2026-01-30 00:00:00+05:30,2026-02-01 00:00:00+05:30,2026-04-02 00:00:00+05:30,0.6528929984088009,BUY,-0.0446121043135969,1.0,-0.0446121043135969,LOSS
2026-03-18 00:00:00+05:30,TATAMOTORS-EQ,324.75,-0.0209391839876829,0,0,0.2790745915024923,0.7209254084975076,3,2025-09-23 00:00:00+05:30,2026-01-30 00:00:00+05:30,2026-02-01 00:00:00+05:30,2026-04-02 00:00:00+05:30,0.7209254084975076,SELL,0.0209391839876829,1.0,0.0209391839876829,WIN
2026-03-18 00:00:00+05:30,SUZLON-EQ,42.06,0.0049928673323822,1,1,0.8138825266770664,0.1861174733229336,3,2025-09-23 00:00:00+05:30,2026-01-30 00:00:00+05:30,2026-02-01 00:00:00+05:30,2026-04-02 00:00:00+05:30,0.8138825266770664,BUY,0.0049928673323822,1.0,0.0049928673323822,WIN
2026-03-18 00:00:00+05:30,ITC-EQ,304.05,-0.0274625883900675,0,1,0.6759718943571419,0.3240281056428581,3,2025-09-23 00:00:00+05:30,2026-01-30 00:00:00+05:30,2026-02-01 00:00:00+05:30,2026-04-02 00:00:00+05:30,0.6759718943571419,BUY,-0.0274625883900675,1.0,-0.0274625883900675,LOSS
2026-03-19 00:00:00+05:30,SBIN-EQ,1048.9,-0.0280293640957194,0,0,0.3420193111734664,0.6579806888265336,3,2025-09-23 00:00:00+05:30,2026-01-30 00:00:00+05:30,2026-02-01 00:00:00+05:30,2026-04-02 00:00:00+05:30,0.6579806888265336,SELL,0.0280293640957194,1.0,0.0280293640957194,WIN
2026-03-19 00:00:00+05:30,SUZLON-EQ,41.09,-0.0065709418349964,0,1,0.7613422305565111,0.2386577694434889,3,2025-09-23 00:00:00+05:30,2026-01-30 00:00:00+05:30,2026-02-01 00:00:00+05:30,2026-04-02 00:00:00+05:30,0.7613422305565111,BUY,-0.0065709418349964,1.0,-0.0065709418349964,LOSS
2026-03-19 00:00:00+05:30,TATAMOTORS-EQ,309.3,-0.0197219527966376,0,0,0.2383260033351528,0.7616739966648471,3,2025-09-23 00:00:00+05:30,2026-01-30 00:00:00+05:30,2026-02-01 00:00:00+05:30,2026-04-02 00:00:00+05:30,0.7616739966648471,SELL,0.0197219527966376,1.0,0.0197219527966376,WIN
2026-03-20 00:00:00+05:30,SUZLON-EQ,41.95,-0.0569725864123956,0,1,0.7814701885565242,0.2185298114434758,3,2025-09-23 00:00:00+05:30,2026-01-30 00:00:00+05:30,2026-02-01 00:00:00+05:30,2026-04-02 00:00:00+05:30,0.7814701885565242,BUY,-0.0569725864123956,1.0,-0.0569725864123956,LOSS
2026-03-20 00:00:00+05:30,TATAMOTORS-EQ,314.1,-0.0569882203120026,0,0,0.20829579023602,0.79170420976398,3,2025-09-23 00:00:00+05:30,2026-01-30 00:00:00+05:30,2026-02-01 00:00:00+05:30,2026-04-02 00:00:00+05:30,0.79170420976398,SELL,0.0569882203120026,1.0,0.0569882203120026,WIN
2026-03-20 00:00:00+05:30,ITC-EQ,299.95,-0.0408401400233372,0,1,0.6992390158913557,0.3007609841086442,3,2025-09-23 00:00:00+05:30,2026-01-30 00:00:00+05:30,2026-02-01 00:00:00+05:30,2026-04-02 00:00:00+05:30,0.6992390158913557,BUY,-0.0408401400233372,1.0,-0.0408401400233372,LOSS
2026-03-23 00:00:00+05:30,TATAMOTORS-EQ,305.25,-0.0075348075348076,0,0,0.2079910677365711,0.7920089322634289,3,2025-09-23 00:00:00+05:30,2026-01-30 00:00:00+05:30,2026-02-01 00:00:00+05:30,2026-04-02 00:00:00+05:30,0.7920089322634289,SELL,0.0075348075348076,1.0,0.0075348075348076,WIN
2026-03-23 00:00:00+05:30,SUZLON-EQ,39.94,0.029544316474712,1,1,0.7680620062228811,0.2319379937771188,3,2025-09-23 00:00:00+05:30,2026-01-30 00:00:00+05:30,2026-02-01 00:00:00+05:30,2026-04-02 00:00:00+05:30,0.7680620062228811,BUY,0.029544316474712,1.0,0.029544316474712,WIN
2026-03-24 00:00:00+05:30,TATAMOTORS-EQ,311.2,-0.0253856041131104,0,0,0.2723775310676422,0.7276224689323578,3,2025-09-23 00:00:00+05:30,2026-01-30 00:00:00+05:30,2026-02-01 00:00:00+05:30,2026-04-02 00:00:00+05:30,0.7276224689323578,SELL,0.0253856041131104,1.0,0.0253856041131104,WIN
2026-03-24 00:00:00+05:30,SUZLON-EQ,41.04,-0.006335282651072,0,1,0.7587894873269285,0.2412105126730714,3,2025-09-23 00:00:00+05:30,2026-01-30 00:00:00+05:30,2026-02-01 00:00:00+05:30,2026-04-02 00:00:00+05:30,0.7587894873269285,BUY,-0.006335282651072,1.0,-0.006335282651072,LOSS
2026-03-25 00:00:00+05:30,ITC-EQ,295.7,-0.0028745350016907,0,1,0.6650072293411483,0.3349927706588517,3,2025-09-23 00:00:00+05:30,2026-01-30 00:00:00+05:30,2026-02-01 00:00:00+05:30,2026-04-02 00:00:00+05:30,0.6650072293411483,BUY,-0.0028745350016907,1.0,-0.0028745350016907,LOSS
2026-03-25 00:00:00+05:30,SUZLON-EQ,42.27,-0.016087059380175,0,1,0.6675144032253063,0.3324855967746937,3,2025-09-23 00:00:00+05:30,2026-01-30 00:00:00+05:30,2026-02-01 00:00:00+05:30,2026-04-02 00:00:00+05:30,0.6675144032253063,BUY,-0.016087059380175,1.0,-0.016087059380175,LOSS
2026-03-27 00:00:00+05:30,ITC-EQ,294.7,0.0127248048863251,1,1,0.6979545739827037,0.3020454260172963,3,2025-09-23 00:00:00+05:30,2026-01-30 00:00:00+05:30,2026-02-01 00:00:00+05:30,2026-04-02 00:00:00+05:30,0.6979545739827037,BUY,0.0127248048863251,1.0,0.0127248048863251,WIN
2026-03-27 00:00:00+05:30,TATAMOTORS-EQ,303.2,0.0181398416886544,1,0,0.265418626851474,0.734581373148526,3,2025-09-23 00:00:00+05:30,2026-01-30 00:00:00+05:30,2026-02-01 00:00:00+05:30,2026-04-02 00:00:00+05:30,0.734581373148526,SELL,-0.0181398416886544,1.0,-0.0181398416886544,LOSS
2026-03-27 00:00:00+05:30,SUZLON-EQ,40.82,0.0178833904948554,1,1,0.6971286116052456,0.3028713883947543,3,2025-09-23 00:00:00+05:30,2026-01-30 00:00:00+05:30,2026-02-01 00:00:00+05:30,2026-04-02 00:00:00+05:30,0.6971286116052456,BUY,0.0178833904948554,1.0,0.0178833904948554,WIN
2026-03-27 00:00:00+05:30,SBIN-EQ,1019.5,0.0106915154487494,1,0,0.3401203163983589,0.6598796836016411,3,2025-09-23 00:00:00+05:30,2026-01-30 00:00:00+05:30,2026-02-01 00:00:00+05:30,2026-04-02 00:00:00+05:30,0.6598796836016411,SELL,-0.0106915154487494,1.0,-0.0106915154487494,LOSS
2026-03-30 00:00:00+05:30,SBIN-EQ,979.4,0.0837757810904635,1,0,0.3226345426256451,0.6773654573743548,3,2025-09-23 00:00:00+05:30,2026-01-30 00:00:00+05:30,2026-02-01 00:00:00+05:30,2026-04-02 00:00:00+05:30,0.6773654573743548,SELL,-0.0837757810904635,1.0,-0.0837757810904635,LOSS
2026-03-30 00:00:00+05:30,SUZLON-EQ,39.56,0.1180485338725985,1,1,0.6501333199888242,0.3498666800111758,3,2025-09-23 00:00:00+05:30,2026-01-30 00:00:00+05:30,2026-02-01 00:00:00+05:30,2026-04-02 00:00:00+05:30,0.6501333199888242,BUY,0.1180485338725985,1.0,0.1180485338725985,WIN
2026-03-30 00:00:00+05:30,TATAMOTORS-EQ,296.2,0.1301485482781905,1,0,0.2901119279202966,0.7098880720797034,3,2025-09-23 00:00:00+05:30,2026-01-30 00:00:00+05:30,2026-02-01 00:00:00+05:30,2026-04-02 00:00:00+05:30,0.7098880720797034,SELL,-0.1301485482781905,1.0,-0.1301485482781905,LOSS
2026-04-01 00:00:00+05:30,SUZLON-EQ,41.12,0.0756322957198443,1,1,0.6872466079270224,0.3127533920729776,3,2025-09-23 00:00:00+05:30,2026-01-30 00:00:00+05:30,2026-02-01 00:00:00+05:30,2026-04-02 00:00:00+05:30,0.6872466079270224,BUY,0.0756322957198443,1.0,0.0756322957198443,WIN
2026-04-06 00:00:00+05:30,ITC-EQ,294.85,0.0128879091063252,1,1,0.6737617370926186,0.3262382629073814,4,2025-09-23 00:00:00+05:30,2026-04-02 00:00:00+05:30,2026-04-06 00:00:00+05:30,2026-06-05 00:00:00+05:30,0.6737617370926186,BUY,0.0128879091063252,1.0,0.0128879091063252,WIN
2026-04-07 00:00:00+05:30,SUZLON-EQ,41.55,0.1824308062575212,1,0,0.3263256650545825,0.6736743349454175,4,2025-09-23 00:00:00+05:30,2026-04-02 00:00:00+05:30,2026-04-06 00:00:00+05:30,2026-06-05 00:00:00+05:30,0.6736743349454175,SELL,-0.1824308062575212,1.0,-0.1824308062575212,LOSS
2026-04-08 00:00:00+05:30,SBIN-EQ,1061.45,0.0053700127184512,1,1,0.7300058240801516,0.2699941759198484,4,2025-09-23 00:00:00+05:30,2026-04-02 00:00:00+05:30,2026-04-06 00:00:00+05:30,2026-06-05 00:00:00+05:30,0.7300058240801516,BUY,0.0053700127184512,1.0,0.0053700127184512,WIN
2026-04-09 00:00:00+05:30,RELIANCE-EQ,1330.0,0.0263157894736842,1,0,0.3448542428988098,0.6551457571011902,4,2025-09-23 00:00:00+05:30,2026-04-02 00:00:00+05:30,2026-04-06 00:00:00+05:30,2026-06-05 00:00:00+05:30,0.6551457571011902,SELL,-0.0263157894736842,1.0,-0.0263157894736842,LOSS
2026-04-10 00:00:00+05:30,SBIN-EQ,1066.7,0.0385769194712664,1,1,0.6603355349844643,0.3396644650155357,4,2025-09-23 00:00:00+05:30,2026-04-02 00:00:00+05:30,2026-04-06 00:00:00+05:30,2026-06-05 00:00:00+05:30,0.6603355349844643,BUY,0.0385769194712664,1.0,0.0385769194712664,WIN
2026-04-16 00:00:00+05:30,ITC-EQ,303.4,0.0062623599208966,1,0,0.3475736143028168,0.6524263856971831,4,2025-09-23 00:00:00+05:30,2026-04-02 00:00:00+05:30,2026-04-06 00:00:00+05:30,2026-06-05 00:00:00+05:30,0.6524263856971831,SELL,-0.0062623599208966,1.0,-0.0062623599208966,LOSS
2026-04-22 00:00:00+05:30,ITC-EQ,305.5,0.0351882160392797,1,0,0.3038321994818218,0.6961678005181782,4,2025-09-23 00:00:00+05:30,2026-04-02 00:00:00+05:30,2026-04-06 00:00:00+05:30,2026-06-05 00:00:00+05:30,0.6961678005181782,SELL,-0.0351882160392797,1.0,-0.0351882160392797,LOSS
2026-04-23 00:00:00+05:30,TATAMOTORS-EQ,351.95,-0.0295496519391958,0,0,0.2364431278871808,0.7635568721128192,4,2025-09-23 00:00:00+05:30,2026-04-02 00:00:00+05:30,2026-04-06 00:00:00+05:30,2026-06-05 00:00:00+05:30,0.7635568721128192,SELL,0.0295496519391958,1.0,0.0295496519391958,WIN
2026-04-24 00:00:00+05:30,ITC-EQ,301.6,0.0314986737400531,1,0,0.1991591611054785,0.8008408388945215,4,2025-09-23 00:00:00+05:30,2026-04-02 00:00:00+05:30,2026-04-06 00:00:00+05:30,2026-06-05 00:00:00+05:30,0.8008408388945215,SELL,-0.0314986737400531,1.0,-0.0314986737400531,LOSS
2026-04-24 00:00:00+05:30,SUZLON-EQ,53.91,0.0194769059543684,1,0,0.3218294731867887,0.6781705268132113,4,2025-09-23 00:00:00+05:30,2026-04-02 00:00:00+05:30,2026-04-06 00:00:00+05:30,2026-06-05 00:00:00+05:30,0.6781705268132113,SELL,-0.0194769059543684,1.0,-0.0194769059543684,LOSS
2026-04-24 00:00:00+05:30,TATAMOTORS-EQ,350.5,-0.0212553495007132,0,0,0.2648220173304847,0.7351779826695153,4,2025-09-23 00:00:00+05:30,2026-04-02 00:00:00+05:30,2026-04-06 00:00:00+05:30,2026-06-05 00:00:00+05:30,0.7351779826695153,SELL,0.0212553495007132,1.0,0.0212553495007132,WIN
2026-04-27 00:00:00+05:30,TATAMOTORS-EQ,354.35,-0.040073373782983,0,0,0.2964369933033154,0.7035630066966845,4,2025-09-23 00:00:00+05:30,2026-04-02 00:00:00+05:30,2026-04-06 00:00:00+05:30,2026-06-05 00:00:00+05:30,0.7035630066966845,SELL,0.040073373782983,1.0,0.040073373782983,WIN
2026-04-28 00:00:00+05:30,TATAMOTORS-EQ,350.8,0.0209521094640821,1,0,0.258715776504644,0.7412842234953559,4,2025-09-23 00:00:00+05:30,2026-04-02 00:00:00+05:30,2026-04-06 00:00:00+05:30,2026-06-05 00:00:00+05:30,0.7412842234953559,SELL,-0.0209521094640821,1.0,-0.0209521094640821,LOSS
2026-04-29 00:00:00+05:30,TATAMOTORS-EQ,352.7,0.0185710235327474,1,0,0.1919153988533861,0.8080846011466138,4,2025-09-23 00:00:00+05:30,2026-04-02 00:00:00+05:30,2026-04-06 00:00:00+05:30,2026-06-05 00:00:00+05:30,0.8080846011466138,SELL,-0.0185710235327474,1.0,-0.0185710235327474,LOSS
2026-04-30 00:00:00+05:30,TATAMOTORS-EQ,341.55,0.0406968233055189,1,0,0.2770498726732825,0.7229501273267175,4,2025-09-23 00:00:00+05:30,2026-04-02 00:00:00+05:30,2026-04-06 00:00:00+05:30,2026-06-05 00:00:00+05:30,0.7229501273267175,SELL,-0.0406968233055189,1.0,-0.0406968233055189,LOSS
2026-05-04 00:00:00+05:30,TATAMOTORS-EQ,343.05,0.0085993295437982,1,0,0.2061513116691938,0.7938486883308061,4,2025-09-23 00:00:00+05:30,2026-04-02 00:00:00+05:30,2026-04-06 00:00:00+05:30,2026-06-05 00:00:00+05:30,0.7938486883308061,SELL,-0.0085993295437982,1.0,-0.0085993295437982,LOSS
2026-05-05 00:00:00+05:30,SUZLON-EQ,54.85,-0.0607110300820419,0,0,0.3298789974115148,0.6701210025884852,4,2025-09-23 00:00:00+05:30,2026-04-02 00:00:00+05:30,2026-04-06 00:00:00+05:30,2026-06-05 00:00:00+05:30,0.6701210025884852,SELL,0.0607110300820419,1.0,0.0607110300820419,WIN
2026-05-05 00:00:00+05:30,TATAMOTORS-EQ,340.15,-0.0097016022343082,0,0,0.2514375718808128,0.7485624281191872,4,2025-09-23 00:00:00+05:30,2026-04-02 00:00:00+05:30,2026-04-06 00:00:00+05:30,2026-06-05 00:00:00+05:30,0.7485624281191872,SELL,0.0097016022343082,1.0,0.0097016022343082,WIN
2026-05-06 00:00:00+05:30,ITC-EQ,310.7,-0.020115867396202,0,0,0.3443461694664765,0.6556538305335236,4,2025-09-23 00:00:00+05:30,2026-04-02 00:00:00+05:30,2026-04-06 00:00:00+05:30,2026-06-05 00:00:00+05:30,0.6556538305335236,SELL,0.020115867396202,1.0,0.020115867396202,WIN
2026-05-07 00:00:00+05:30,ITC-EQ,307.4,-0.0006506180871828,0,0,0.2257654078763661,0.7742345921236339,4,2025-09-23 00:00:00+05:30,2026-04-02 00:00:00+05:30,2026-04-06 00:00:00+05:30,2026-06-05 00:00:00+05:30,0.7742345921236339,SELL,0.0006506180871828,1.0,0.0006506180871828,WIN
2026-05-07 00:00:00+05:30,RELIANCE-EQ,1436.2,-0.0518033700041777,0,0,0.3440643703437175,0.6559356296562825,4,2025-09-23 00:00:00+05:30,2026-04-02 00:00:00+05:30,2026-04-06 00:00:00+05:30,2026-06-05 00:00:00+05:30,0.6559356296562825,SELL,0.0518033700041777,1.0,0.0518033700041777,WIN
2026-05-08 00:00:00+05:30,SUZLON-EQ,54.97,-0.0205566672730579,0,0,0.263751709738303,0.736248290261697,4,2025-09-23 00:00:00+05:30,2026-04-02 00:00:00+05:30,2026-04-06 00:00:00+05:30,2026-06-05 00:00:00+05:30,0.736248290261697,SELL,0.0205566672730579,1.0,0.0205566672730579,WIN
2026-05-08 00:00:00+05:30,ITC-EQ,307.45,0.0065051227841925,1,0,0.2547291452710827,0.7452708547289173,4,2025-09-23 00:00:00+05:30,2026-04-02 00:00:00+05:30,2026-04-06 00:00:00+05:30,2026-06-05 00:00:00+05:30,0.7452708547289173,SELL,-0.0065051227841925,1.0,-0.0065051227841925,LOSS
2026-05-11 00:00:00+05:30,TATAMOTORS-EQ,346.0,0.0206647398843931,1,0,0.3250382393698029,0.6749617606301971,4,2025-09-23 00:00:00+05:30,2026-04-02 00:00:00+05:30,2026-04-06 00:00:00+05:30,2026-06-05 00:00:00+05:30,0.6749617606301971,SELL,-0.0206647398843931,1.0,-0.0206647398843931,LOSS
2026-05-11 00:00:00+05:30,SUZLON-EQ,53.3,-0.0009380863039398,0,0,0.3331347343837675,0.6668652656162324,4,2025-09-23 00:00:00+05:30,2026-04-02 00:00:00+05:30,2026-04-06 00:00:00+05:30,2026-06-05 00:00:00+05:30,0.6668652656162324,SELL,0.0009380863039398,1.0,0.0009380863039398,WIN
2026-05-11 00:00:00+05:30,ITC-EQ,305.85,0.0140591793362758,1,0,0.3102296910196873,0.6897703089803127,4,2025-09-23 00:00:00+05:30,2026-04-02 00:00:00+05:30,2026-04-06 00:00:00+05:30,2026-06-05 00:00:00+05:30,0.6897703089803127,SELL,-0.0140591793362758,1.0,-0.0140591793362758,LOSS
2026-05-11 00:00:00+05:30,RELIANCE-EQ,1388.2,-0.0376746866445756,0,0,0.2498373862731727,0.7501626137268272,4,2025-09-23 00:00:00+05:30,2026-04-02 00:00:00+05:30,2026-04-06 00:00:00+05:30,2026-06-05 00:00:00+05:30,0.7501626137268272,SELL,0.0376746866445756,1.0,0.0376746866445756,WIN
2026-05-12 00:00:00+05:30,TATAMOTORS-EQ,336.85,0.0722873682648062,1,0,0.3497762701288784,0.6502237298711215,4,2025-09-23 00:00:00+05:30,2026-04-02 00:00:00+05:30,2026-04-06 00:00:00+05:30,2026-06-05 00:00:00+05:30,0.6502237298711215,SELL,-0.0722873682648062,1.0,-0.0722873682648062,LOSS
2026-05-12 00:00:00+05:30,ITC-EQ,300.7,0.0319255071499835,1,0,0.331415812930671,0.668584187069329,4,2025-09-23 00:00:00+05:30,2026-04-02 00:00:00+05:30,2026-04-06 00:00:00+05:30,2026-06-05 00:00:00+05:30,0.668584187069329,SELL,-0.0319255071499835,1.0,-0.0319255071499835,LOSS
2026-05-12 00:00:00+05:30,RELIANCE-EQ,1364.0,-0.0302785923753665,0,0,0.3216533548912317,0.6783466451087683,4,2025-09-23 00:00:00+05:30,2026-04-02 00:00:00+05:30,2026-04-06 00:00:00+05:30,2026-06-05 00:00:00+05:30,0.6783466451087683,SELL,0.0302785923753665,1.0,0.0302785923753665,WIN
2026-05-13 00:00:00+05:30,ITC-EQ,304.45,0.0101822959435047,1,0,0.3465215999213891,0.6534784000786109,4,2025-09-23 00:00:00+05:30,2026-04-02 00:00:00+05:30,2026-04-06 00:00:00+05:30,2026-06-05 00:00:00+05:30,0.6534784000786109,SELL,-0.0101822959435047,1.0,-0.0101822959435047,LOSS
2026-05-13 00:00:00+05:30,RELIANCE-EQ,1358.8,0.0006623491315866,1,0,0.2443298661710427,0.7556701338289572,4,2025-09-23 00:00:00+05:30,2026-04-02 00:00:00+05:30,2026-04-06 00:00:00+05:30,2026-06-05 00:00:00+05:30,0.7556701338289572,SELL,-0.0006623491315866,1.0,-0.0006623491315866,LOSS
2026-05-13 00:00:00+05:30,TATAMOTORS-EQ,336.85,0.0724358022858837,1,0,0.2336474157679812,0.7663525842320188,4,2025-09-23 00:00:00+05:30,2026-04-02 00:00:00+05:30,2026-04-06 00:00:00+05:30,2026-06-05 00:00:00+05:30,0.7663525842320188,SELL,-0.0724358022858837,1.0,-0.0724358022858837,LOSS
2026-05-14 00:00:00+05:30,TATAMOTORS-EQ,338.75,0.0667158671586716,1,0,0.2159868177350419,0.7840131822649581,4,2025-09-23 00:00:00+05:30,2026-04-02 00:00:00+05:30,2026-04-06 00:00:00+05:30,2026-06-05 00:00:00+05:30,0.7840131822649581,SELL,-0.0667158671586716,1.0,-0.0667158671586716,LOSS
2026-05-14 00:00:00+05:30,RELIANCE-EQ,1361.8,-0.0089587310912028,0,0,0.2819917276202681,0.7180082723797319,4,2025-09-23 00:00:00+05:30,2026-04-02 00:00:00+05:30,2026-04-06 00:00:00+05:30,2026-06-05 00:00:00+05:30,0.7180082723797319,SELL,0.0089587310912028,1.0,0.0089587310912028,WIN
2026-05-14 00:00:00+05:30,SBIN-EQ,979.9,-0.0295948566180223,0,0,0.3451276655550507,0.6548723344449493,4,2025-09-23 00:00:00+05:30,2026-04-02 00:00:00+05:30,2026-04-06 00:00:00+05:30,2026-06-05 00:00:00+05:30,0.6548723344449493,SELL,0.0295948566180223,1.0,0.0295948566180223,WIN
2026-05-14 00:00:00+05:30,SUZLON-EQ,53.47,-0.0112212455582569,0,0,0.3188754522724472,0.6811245477275528,4,2025-09-23 00:00:00+05:30,2026-04-02 00:00:00+05:30,2026-04-06 00:00:00+05:30,2026-06-05 00:00:00+05:30,0.6811245477275528,SELL,0.0112212455582569,1.0,0.0112212455582569,WIN
2026-05-15 00:00:00+05:30,RELIANCE-EQ,1336.4,0.0135438491469619,1,0,0.2648959463270662,0.7351040536729339,4,2025-09-23 00:00:00+05:30,2026-04-02 00:00:00+05:30,2026-04-06 00:00:00+05:30,2026-06-05 00:00:00+05:30,0.7351040536729339,SELL,-0.0135438491469619,1.0,-0.0135438491469619,LOSS
2026-05-15 00:00:00+05:30,SUZLON-EQ,53.84,-0.0016716196136702,0,0,0.322582569914043,0.677417430085957,4,2025-09-23 00:00:00+05:30,2026-04-02 00:00:00+05:30,2026-04-06 00:00:00+05:30,2026-06-05 00:00:00+05:30,0.677417430085957,SELL,0.0016716196136702,1.0,0.0016716196136702,WIN
2026-05-15 00:00:00+05:30,TATAMOTORS-EQ,356.55,0.0190716589538635,1,0,0.3459236908565045,0.6540763091434956,4,2025-09-23 00:00:00+05:30,2026-04-02 00:00:00+05:30,2026-04-06 00:00:00+05:30,2026-06-05 00:00:00+05:30,0.6540763091434956,SELL,-0.0190716589538635,1.0,-0.0190716589538635,LOSS
2026-05-18 00:00:00+05:30,RELIANCE-EQ,1335.9,0.0232801856426378,1,0,0.3268533837210755,0.6731466162789246,4,2025-09-23 00:00:00+05:30,2026-04-02 00:00:00+05:30,2026-04-06 00:00:00+05:30,2026-06-05 00:00:00+05:30,0.6731466162789246,SELL,-0.0232801856426378,1.0,-0.0232801856426378,LOSS
2026-05-18 00:00:00+05:30,SUZLON-EQ,53.25,0.0138967136150234,1,0,0.2402218066131082,0.7597781933868918,4,2025-09-23 00:00:00+05:30,2026-04-02 00:00:00+05:30,2026-04-06 00:00:00+05:30,2026-06-05 00:00:00+05:30,0.7597781933868918,SELL,-0.0138967136150234,1.0,-0.0138967136150234,LOSS
2026-05-19 00:00:00+05:30,RELIANCE-EQ,1322.7,0.0254025856203219,1,0,0.3310588326374635,0.6689411673625365,4,2025-09-23 00:00:00+05:30,2026-04-02 00:00:00+05:30,2026-04-06 00:00:00+05:30,2026-06-05 00:00:00+05:30,0.6689411673625365,SELL,-0.0254025856203219,1.0,-0.0254025856203219,LOSS
2026-05-19 00:00:00+05:30,SUZLON-EQ,52.91,0.0315630315630315,1,0,0.2230982802303042,0.7769017197696957,4,2025-09-23 00:00:00+05:30,2026-04-02 00:00:00+05:30,2026-04-06 00:00:00+05:30,2026-06-05 00:00:00+05:30,0.7769017197696957,SELL,-0.0315630315630315,1.0,-0.0315630315630315,LOSS
2026-05-20 00:00:00+05:30,SUZLON-EQ,52.57,0.0943503899562487,1,0,0.2358084625206124,0.7641915374793875,4,2025-09-23 00:00:00+05:30,2026-04-02 00:00:00+05:30,2026-04-06 00:00:00+05:30,2026-06-05 00:00:00+05:30,0.7641915374793875,SELL,-0.0943503899562487,1.0,-0.0943503899562487,LOSS
2026-05-21 00:00:00+05:30,ITC-EQ,308.05,-0.0686576854406753,0,0,0.3000207677046074,0.6999792322953926,4,2025-09-23 00:00:00+05:30,2026-04-02 00:00:00+05:30,2026-04-06 00:00:00+05:30,2026-06-05 00:00:00+05:30,0.6999792322953926,SELL,0.0686576854406753,1.0,0.0686576854406753,WIN
2026-05-21 00:00:00+05:30,SUZLON-EQ,52.87,0.0779269907319841,1,0,0.2389450595089612,0.7610549404910387,4,2025-09-23 00:00:00+05:30,2026-04-02 00:00:00+05:30,2026-04-06 00:00:00+05:30,2026-06-05 00:00:00+05:30,0.7610549404910387,SELL,-0.0779269907319841,1.0,-0.0779269907319841,LOSS
2026-05-22 00:00:00+05:30,ITC-EQ,301.7,-0.0730858468677494,0,0,0.2946793253134434,0.7053206746865566,4,2025-09-23 00:00:00+05:30,2026-04-02 00:00:00+05:30,2026-04-06 00:00:00+05:30,2026-06-05 00:00:00+05:30,0.7053206746865566,SELL,0.0730858468677494,1.0,0.0730858468677494,WIN
2026-05-22 00:00:00+05:30,SUZLON-EQ,53.75,0.0033488372093022,1,0,0.3111011541351479,0.6888988458648521,4,2025-09-23 00:00:00+05:30,2026-04-02 00:00:00+05:30,2026-04-06 00:00:00+05:30,2026-06-05 00:00:00+05:30,0.6888988458648521,SELL,-0.0033488372093022,1.0,-0.0033488372093022,LOSS
2026-05-25 00:00:00+05:30,ITC-EQ,303.95,-0.068103306464879,0,0,0.2789109105104339,0.7210890894895661,4,2025-09-23 00:00:00+05:30,2026-04-02 00:00:00+05:30,2026-04-06 00:00:00+05:30,2026-06-05 00:00:00+05:30,0.7210890894895661,SELL,0.068103306464879,1.0,0.068103306464879,WIN
2026-05-25 00:00:00+05:30,SUZLON-EQ,53.99,0.009816632709761,1,0,0.2612030819474008,0.7387969180525993,4,2025-09-23 00:00:00+05:30,2026-04-02 00:00:00+05:30,2026-04-06 00:00:00+05:30,2026-06-05 00:00:00+05:30,0.7387969180525993,SELL,-0.009816632709761,1.0,-0.009816632709761,LOSS
2026-05-26 00:00:00+05:30,ITC-EQ,301.65,-0.0817172219459637,0,0,0.3327936539588939,0.6672063460411062,4,2025-09-23 00:00:00+05:30,2026-04-02 00:00:00+05:30,2026-04-06 00:00:00+05:30,2026-06-05 00:00:00+05:30,0.6672063460411062,SELL,0.0817172219459637,1.0,0.0817172219459637,WIN
2026-05-27 00:00:00+05:30,ITC-EQ,291.95,-0.039904093166638,0,0,0.3133544467608036,0.6866455532391964,4,2025-09-23 00:00:00+05:30,2026-04-02 00:00:00+05:30,2026-04-06 00:00:00+05:30,2026-06-05 00:00:00+05:30,0.6866455532391964,SELL,0.039904093166638,1.0,0.039904093166638,WIN
2026-06-02 00:00:00+05:30,SUZLON-EQ,54.52,0.0130227439471752,1,0,0.3481128185814521,0.6518871814185478,4,2025-09-23 00:00:00+05:30,2026-04-02 00:00:00+05:30,2026-04-06 00:00:00+05:30,2026-06-05 00:00:00+05:30,0.6518871814185478,SELL,-0.0130227439471752,1.0,-0.0130227439471752,LOSS
2026-06-03 00:00:00+05:30,SUZLON-EQ,54.4,-0.0058823529411764,0,0,0.2861498160240461,0.7138501839759539,4,2025-09-23 00:00:00+05:30,2026-04-02 00:00:00+05:30,2026-04-06 00:00:00+05:30,2026-06-05 00:00:00+05:30,0.7138501839759539,SELL,0.0058823529411764,1.0,0.0058823529411764,WIN
2026-06-04 00:00:00+05:30,TATAMOTORS-EQ,399.7,-0.0595446584938704,0,0,0.3338356516215455,0.6661643483784545,4,2025-09-23 00:00:00+05:30,2026-04-02 00:00:00+05:30,2026-04-06 00:00:00+05:30,2026-06-05 00:00:00+05:30,0.6661643483784545,SELL,0.0595446584938704,1.0,0.0595446584938704,WIN
2026-06-05 00:00:00+05:30,SUZLON-EQ,55.31,-0.0041583800397758,0,0,0.3196035401574935,0.6803964598425065,4,2025-09-23 00:00:00+05:30,2026-04-02 00:00:00+05:30,2026-04-06 00:00:00+05:30,2026-06-05 00:00:00+05:30,0.6803964598425065,SELL,0.0041583800397758,1.0,0.0041583800397758,WIN
2026-06-05 00:00:00+05:30,TATAMOTORS-EQ,397.8,-0.0196078431372549,0,0,0.323780851631784,0.676219148368216,4,2025-09-23 00:00:00+05:30,2026-04-02 00:00:00+05:30,2026-04-06 00:00:00+05:30,2026-06-05 00:00:00+05:30,0.676219148368216,SELL,0.0196078431372549,1.0,0.0196078431372549,WIN
2026-06-09 00:00:00+05:30,SBIN-EQ,1002.7,0.012566071606662,1,1,0.7132599895310673,0.2867400104689327,5,2025-09-23 00:00:00+05:30,2026-06-05 00:00:00+05:30,2026-06-08 00:00:00+05:30,2026-08-05 00:00:00+05:30,0.7132599895310673,BUY,0.012566071606662,1.0,0.012566071606662,WIN
2026-06-10 00:00:00+05:30,SBIN-EQ,1003.25,0.0231746822825815,1,1,0.6771043043925438,0.3228956956074562,5,2025-09-23 00:00:00+05:30,2026-06-05 00:00:00+05:30,2026-06-08 00:00:00+05:30,2026-08-05 00:00:00+05:30,0.6771043043925438,BUY,0.0231746822825815,1.0,0.0231746822825815,WIN
2026-06-10 00:00:00+05:30,TATAMOTORS-EQ,381.0,-0.0526246719160105,0,0,0.3132919465618273,0.6867080534381726,5,2025-09-23 00:00:00+05:30,2026-06-05 00:00:00+05:30,2026-06-08 00:00:00+05:30,2026-08-05 00:00:00+05:30,0.6867080534381726,SELL,0.0526246719160105,1.0,0.0526246719160105,WIN
2026-06-11 00:00:00+05:30,SUZLON-EQ,53.29,0.0966410208294239,1,0,0.260103512486674,0.739896487513326,5,2025-09-23 00:00:00+05:30,2026-06-05 00:00:00+05:30,2026-06-08 00:00:00+05:30,2026-08-05 00:00:00+05:30,0.739896487513326,SELL,-0.0966410208294239,1.0,-0.0966410208294239,LOSS
2026-06-12 00:00:00+05:30,TATAMOTORS-EQ,390.0,-0.0782051282051282,0,0,0.3383031040611258,0.6616968959388742,5,2025-09-23 00:00:00+05:30,2026-06-05 00:00:00+05:30,2026-06-08 00:00:00+05:30,2026-08-05 00:00:00+05:30,0.6616968959388742,SELL,0.0782051282051282,1.0,0.0782051282051282,WIN
2026-06-12 00:00:00+05:30,SBIN-EQ,1017.15,0.0176473479821068,1,1,0.6807101011165854,0.3192898988834146,5,2025-09-23 00:00:00+05:30,2026-06-05 00:00:00+05:30,2026-06-08 00:00:00+05:30,2026-08-05 00:00:00+05:30,0.6807101011165854,BUY,0.0176473479821068,1.0,0.0176473479821068,WIN
2026-06-15 00:00:00+05:30,TATAMOTORS-EQ,396.4,-0.088042381432896,0,0,0.3329038119135636,0.6670961880864363,5,2025-09-23 00:00:00+05:30,2026-06-05 00:00:00+05:30,2026-06-08 00:00:00+05:30,2026-08-05 00:00:00+05:30,0.6670961880864363,SELL,0.088042381432896,1.0,0.088042381432896,WIN
2026-06-16 00:00:00+05:30,ITC-EQ,291.65,-0.0056574661409222,0,1,0.6567795903703452,0.3432204096296548,5,2025-09-23 00:00:00+05:30,2026-06-05 00:00:00+05:30,2026-06-08 00:00:00+05:30,2026-08-05 00:00:00+05:30,0.6567795903703452,BUY,-0.0056574661409222,1.0,-0.0056574661409222,LOSS
2026-06-17 00:00:00+05:30,TATAMOTORS-EQ,360.95,-0.0311677517661725,0,0,0.3357863577322424,0.6642136422677576,5,2025-09-23 00:00:00+05:30,2026-06-05 00:00:00+05:30,2026-06-08 00:00:00+05:30,2026-08-05 00:00:00+05:30,0.6642136422677576,SELL,0.0311677517661725,1.0,0.0311677517661725,WIN
2026-06-18 00:00:00+05:30,RELIANCE-EQ,1328.1,-0.0075295534974776,0,1,0.681339870183739,0.318660129816261,5,2025-09-23 00:00:00+05:30,2026-06-05 00:00:00+05:30,2026-06-08 00:00:00+05:30,2026-08-05 00:00:00+05:30,0.681339870183739,BUY,-0.0075295534974776,1.0,-0.0075295534974776,LOSS
2026-06-18 00:00:00+05:30,TATAMOTORS-EQ,364.65,-0.0313999725764431,0,0,0.3325405776679421,0.6674594223320579,5,2025-09-23 00:00:00+05:30,2026-06-05 00:00:00+05:30,2026-06-08 00:00:00+05:30,2026-08-05 00:00:00+05:30,0.6674594223320579,SELL,0.0313999725764431,1.0,0.0313999725764431,WIN
2026-06-19 00:00:00+05:30,TATAMOTORS-EQ,359.5,-0.0401947148817801,0,0,0.2466946527438048,0.7533053472561951,5,2025-09-23 00:00:00+05:30,2026-06-05 00:00:00+05:30,2026-06-08 00:00:00+05:30,2026-08-05 00:00:00+05:30,0.7533053472561951,SELL,0.0401947148817801,1.0,0.0401947148817801,WIN
2026-06-22 00:00:00+05:30,TATAMOTORS-EQ,361.5,-0.0257261410788381,0,0,0.2335792532495999,0.7664207467504001,5,2025-09-23 00:00:00+05:30,2026-06-05 00:00:00+05:30,2026-06-08 00:00:00+05:30,2026-08-05 00:00:00+05:30,0.7664207467504001,SELL,0.0257261410788381,1.0,0.0257261410788381,WIN
2026-06-23 00:00:00+05:30,TATAMOTORS-EQ,354.55,-0.0190382174587505,0,0,0.2058873427061433,0.7941126572938567,5,2025-09-23 00:00:00+05:30,2026-06-05 00:00:00+05:30,2026-06-08 00:00:00+05:30,2026-08-05 00:00:00+05:30,0.7941126572938567,SELL,0.0190382174587505,1.0,0.0190382174587505,WIN
2026-06-24 00:00:00+05:30,TATAMOTORS-EQ,349.7,-0.0107234772662282,0,0,0.3225396222196718,0.6774603777803282,5,2025-09-23 00:00:00+05:30,2026-06-05 00:00:00+05:30,2026-06-08 00:00:00+05:30,2026-08-05 00:00:00+05:30,0.6774603777803282,SELL,0.0107234772662282,1.0,0.0107234772662282,WIN
2026-06-24 00:00:00+05:30,SUZLON-EQ,57.91,-0.0041443619409428,0,0,0.22200239902445,0.77799760097555,5,2025-09-23 00:00:00+05:30,2026-06-05 00:00:00+05:30,2026-06-08 00:00:00+05:30,2026-08-05 00:00:00+05:30,0.77799760097555,SELL,0.0041443619409428,1.0,0.0041443619409428,WIN
2026-06-25 00:00:00+05:30,SUZLON-EQ,57.14,-0.004725236261813,0,0,0.2679248337362699,0.73207516626373,5,2025-09-23 00:00:00+05:30,2026-06-05 00:00:00+05:30,2026-06-08 00:00:00+05:30,2026-08-05 00:00:00+05:30,0.73207516626373,SELL,0.004725236261813,1.0,0.004725236261813,WIN
2026-06-29 00:00:00+05:30,TATAMOTORS-EQ,345.05,0.0057962614113895,1,0,0.3300288510847936,0.6699711489152065,5,2025-09-23 00:00:00+05:30,2026-06-05 00:00:00+05:30,2026-06-08 00:00:00+05:30,2026-08-05 00:00:00+05:30,0.6699711489152065,SELL,-0.0057962614113895,1.0,-0.0057962614113895,LOSS
2026-06-29 00:00:00+05:30,SUZLON-EQ,57.21,-0.0304142632406921,0,0,0.26693122513533,0.73306877486467,5,2025-09-23 00:00:00+05:30,2026-06-05 00:00:00+05:30,2026-06-08 00:00:00+05:30,2026-08-05 00:00:00+05:30,0.73306877486467,SELL,0.0304142632406921,1.0,0.0304142632406921,WIN
2026-06-30 00:00:00+05:30,SUZLON-EQ,58.9,-0.0767402376910015,0,0,0.308533112709802,0.691466887290198,5,2025-09-23 00:00:00+05:30,2026-06-05 00:00:00+05:30,2026-06-08 00:00:00+05:30,2026-08-05 00:00:00+05:30,0.691466887290198,SELL,0.0767402376910015,1.0,0.0767402376910015,WIN
2026-07-02 00:00:00+05:30,SUZLON-EQ,57.67,-0.0688399514478931,0,0,0.3236506890421039,0.6763493109578961,5,2025-09-23 00:00:00+05:30,2026-06-05 00:00:00+05:30,2026-06-08 00:00:00+05:30,2026-08-05 00:00:00+05:30,0.6763493109578961,SELL,0.0688399514478931,1.0,0.0688399514478931,WIN
2026-07-06 00:00:00+05:30,SBIN-EQ,1037.7,-0.0006745687578298,0,1,0.6795751923826824,0.3204248076173176,5,2025-09-23 00:00:00+05:30,2026-06-05 00:00:00+05:30,2026-06-08 00:00:00+05:30,2026-08-05 00:00:00+05:30,0.6795751923826824,BUY,-0.0006745687578298,1.0,-0.0006745687578298,LOSS
2026-07-06 00:00:00+05:30,SUZLON-EQ,55.47,-0.0414638543356769,0,0,0.3301825912951668,0.6698174087048332,5,2025-09-23 00:00:00+05:30,2026-06-05 00:00:00+05:30,2026-06-08 00:00:00+05:30,2026-08-05 00:00:00+05:30,0.6698174087048332,SELL,0.0414638543356769,1.0,0.0414638543356769,WIN
2026-07-07 00:00:00+05:30,SUZLON-EQ,54.38,-0.0351232070614196,0,0,0.2439995731987653,0.7560004268012347,5,2025-09-23 00:00:00+05:30,2026-06-05 00:00:00+05:30,2026-06-08 00:00:00+05:30,2026-08-05 00:00:00+05:30,0.7560004268012347,SELL,0.0351232070614196,1.0,0.0351232070614196,WIN
2026-07-08 00:00:00+05:30,SUZLON-EQ,53.13,-0.0133634481460568,0,0,0.330290082480821,0.669709917519179,5,2025-09-23 00:00:00+05:30,2026-06-05 00:00:00+05:30,2026-06-08 00:00:00+05:30,2026-08-05 00:00:00+05:30,0.669709917519179,SELL,0.0133634481460568,1.0,0.0133634481460568,WIN
2026-07-08 00:00:00+05:30,ITC-EQ,280.65,-0.0142526278282558,0,0,0.3145711664297945,0.6854288335702055,5,2025-09-23 00:00:00+05:30,2026-06-05 00:00:00+05:30,2026-06-08 00:00:00+05:30,2026-08-05 00:00:00+05:30,0.6854288335702055,SELL,0.0142526278282558,1.0,0.0142526278282558,WIN
2026-07-09 00:00:00+05:30,SUZLON-EQ,53.7,-0.0322160148975791,0,0,0.2677968816192689,0.7322031183807312,5,2025-09-23 00:00:00+05:30,2026-06-05 00:00:00+05:30,2026-06-08 00:00:00+05:30,2026-08-05 00:00:00+05:30,0.7322031183807312,SELL,0.0322160148975791,1.0,0.0322160148975791,WIN
2026-07-10 00:00:00+05:30,SUZLON-EQ,53.92,-0.035793768545994,0,0,0.2562221175216993,0.7437778824783007,5,2025-09-23 00:00:00+05:30,2026-06-05 00:00:00+05:30,2026-06-08 00:00:00+05:30,2026-08-05 00:00:00+05:30,0.7437778824783007,SELL,0.035793768545994,1.0,0.035793768545994,WIN
2026-07-13 00:00:00+05:30,SUZLON-EQ,53.17,-0.001504607861576,0,0,0.2658927805980915,0.7341072194019085,5,2025-09-23 00:00:00+05:30,2026-06-05 00:00:00+05:30,2026-06-08 00:00:00+05:30,2026-08-05 00:00:00+05:30,0.7341072194019085,SELL,0.001504607861576,1.0,0.001504607861576,WIN
2026-07-14 00:00:00+05:30,SUZLON-EQ,52.47,0.0133409567371831,1,0,0.3010027793928663,0.6989972206071338,5,2025-09-23 00:00:00+05:30,2026-06-05 00:00:00+05:30,2026-06-08 00:00:00+05:30,2026-08-05 00:00:00+05:30,0.6989972206071338,SELL,-0.0133409567371831,1.0,-0.0133409567371831,LOSS
2026-07-31 00:00:00+05:30,SBIN-EQ,1027.4,0.0679384854973719,1,1,0.666354627494989,0.333645372505011,5,2025-09-23 00:00:00+05:30,2026-06-05 00:00:00+05:30,2026-06-08 00:00:00+05:30,2026-08-05 00:00:00+05:30,0.666354627494989,BUY,0.0679384854973719,1.0,0.0679384854973719,WIN
2026-07-31 00:00:00+05:30,SUZLON-EQ,48.01,0.0029160591543428,1,0,0.3208446053174317,0.6791553946825682,5,2025-09-23 00:00:00+05:30,2026-06-05 00:00:00+05:30,2026-06-08 00:00:00+05:30,2026-08-05 00:00:00+05:30,0.6791553946825682,SELL,-0.0029160591543428,1.0,-0.0029160591543428,LOSS
2026-08-03 00:00:00+05:30,SUZLON-EQ,48.1,-0.0124740124740124,0,0,0.2788404949747743,0.7211595050252257,5,2025-09-23 00:00:00+05:30,2026-06-05 00:00:00+05:30,2026-06-08 00:00:00+05:30,2026-08-05 00:00:00+05:30,0.7211595050252257,SELL,0.0124740124740124,1.0,0.0124740124740124,WIN
2026-08-04 00:00:00+05:30,SBIN-EQ,1042.7,0.0223458329337296,1,1,0.6651617849102262,0.3348382150897738,5,2025-09-23 00:00:00+05:30,2026-06-05 00:00:00+05:30,2026-06-08 00:00:00+05:30,2026-08-05 00:00:00+05:30,0.6651617849102262,BUY,0.0223458329337296,1.0,0.0223458329337296,WIN
2026-08-05 00:00:00+05:30,SBIN-EQ,1055.0,0.024170616113744,1,1,0.7394922688048794,0.2605077311951206,5,2025-09-23 00:00:00+05:30,2026-06-05 00:00:00+05:30,2026-06-08 00:00:00+05:30,2026-08-05 00:00:00+05:30,0.7394922688048794,BUY,0.024170616113744,1.0,0.024170616113744,WIN
