Stock,Symbol,Signal Date,Signal,Entry Price,Stop Loss,Take Profit,Shares,Exit Date,Exit Price,Bars Held,Exit Reason,Status,Position Value,Entry Transaction Cost,Gross PnL,Exit Transaction Cost,Transaction Costs,Net PnL,Return %,Capital Before,Capital After
IRFC,IRFC-EQ,2021-08-25,SELL,23.02695,24.1782975,20.724255,868,2021-10-04,24.202475797499996,27,STOP_LOSS,CLOSED,19987.3926,9.9936963,-1020.3563922299975,10.503874496115,20.497570796115,-1040.8539630261125,-5.207552499999988,100000.0,98959.14603697389
TATAMOTORS,TATAMOTORS-EQ,2021-10-06,BUY,203.64343999999997,193.46126799999996,224.007784,97,2021-10-07,223.78377621599998,1,TAKE_PROFIT,CLOSED,19753.413679999998,9.876706839999999,1953.6126129520007,10.853513146476,20.730219986476,1932.8823929655248,9.785055000000005,98959.14603697389,100892.02842993941
IRFC,IRFC-EQ,2021-10-22,BUY,25.825799999999997,24.534509999999997,28.40838,781,2021-10-28,24.50997549,4,STOP_LOSS,CLOSED,20169.9498,10.084974899999999,-1027.658942309999,9.571145428844998,19.656120328845,-1047.315062638844,-5.1924524999999955,100892.02842993941,99844.71336730056
IRFC,IRFC-EQ,2021-12-21,SELL,22.4775,23.601375,20.22975,888,2022-01-14,23.624976375,18,STOP_LOSS,CLOSED,19960.02,9.98001,-1018.9590210000001,10.4894895105,20.4694995105,-1039.4285205105002,-5.207552500000001,99844.71336730056,98805.28484679006
SBIN,SBIN-EQ,2022-06-17,SELL,440.559,462.58695000000006,396.5031,44,2022-06-27,463.04953695,6,STOP_LOSS,CLOSED,19384.596,9.692298000000001,-989.583625799999,10.1870898129,19.8793878129,-1009.463013612899,-5.207552499999994,98805.28484679006,97795.82183317716
SUZLON,SUZLON-EQ,2022-06-24,SELL,7.1928,7.552440000000001,6.473520000000001,2208,2022-07-13,6.47999352,13,TAKE_PROFIT,CLOSED,15881.7024,7.940851200000001,1573.8767078400006,7.153912846080001,15.094764046080002,1558.7819437939206,9.814955000000005,79410.99654879006,80969.77849258398
SBIN,SBIN-EQ,2022-07-11,BUY,488.68819999999994,464.2537899999999,537.55702,33,2022-08-02,537.01946298,16,TAKE_PROFIT,CLOSED,16126.710599999999,8.0633553,1594.9316783400006,8.86082113917,16.924176439169997,1578.0075019008307,9.785055000000005,81906.17858197716,83484.18608387798
SUZLON,SUZLON-EQ,2022-09-08,BUY,10.16015,9.6521425,11.176165000000001,1986,2022-09-09,9.6424903575,1,STOP_LOSS,CLOSED,20178.0579,10.089028950000001,-1028.072050005,9.5749929249975,19.664021874997502,-1047.7360718799973,-5.192452499999999,100932.61127887192,99884.87520699193
TATAMOTORS,TATAMOTORS-EQ,2022-10-13,SELL,241.29846,253.36338300000003,217.16861400000002,53,2022-11-01,253.616746383,12,STOP_LOSS,CLOSED,12788.81838,6.394409190000001,-652.8691782989993,6.7208437791495,13.115252969149502,-665.9844312681488,-5.207552499999994,64337.735459461925,63671.75102819377
RELIANCE,RELIANCE-EQ,2022-10-13,SELL,1080.5483700000002,1134.5757885000003,972.4935330000002,18,2022-10-19,1135.7103642885002,4,STOP_LOSS,CLOSED,19449.870660000004,9.724935330000003,-992.9158971929992,10.221393278596501,19.946328608596502,-1012.8622258015957,-5.207552499999995,99884.87520699193,98872.01298119035
SUZLON,SUZLON-EQ,2022-10-13,SELL,6.7932,7.13286,6.11388,2367,2022-10-17,7.1399928599999996,2,STOP_LOSS,CLOSED,16079.5044,8.0397522,-820.8586996199997,8.450181549809999,16.48993374981,-837.3486333698097,-5.2075524999999985,80425.27961166193,79587.93097829212
RELIANCE,RELIANCE-EQ,2022-11-01,BUY,1149.52838,1092.051961,1264.4812180000001,16,2023-01-24,1090.959909039,59,STOP_LOSS,CLOSED,18392.45408,9.19622704,-937.095535376,8.727679272312,17.923906312312,-955.0194416883121,-5.192452500000001,97368.67991655236,96413.66047486405
IRFC,IRFC-EQ,2022-11-07,BUY,24.724699999999995,23.488464999999994,27.197169999999996,638,2022-11-16,27.169972829999995,6,TAKE_PROFIT,CLOSED,15774.358599999996,7.887179299999998,1560.0840655400002,8.66722133277,16.554400632769998,1543.5296649072302,9.785055000000003,78967.02960951236,80510.5592744196
SUZLON,SUZLON-EQ,2022-11-30,BUY,9.25925,8.7962875,10.185175000000001,1739,2022-12-05,10.174989825,3,TAKE_PROFIT,CLOSED,16101.83575,8.050917875,1592.4715556750018,8.8471536528375,16.8980715278375,1575.5734841471642,9.78505500000001,80510.5592744196,82086.13275856676
TATAMOTORS,TATAMOTORS-EQ,2022-12-01,BUY,265.5653,252.28703499999997,292.12183,48,2022-12-08,252.03474796499998,5,STOP_LOSS,CLOSED,12747.134399999999,6.3735672,-649.46649768,6.04883395116,12.422401151159999,-661.88889883116,-5.1924525,64400.672606544606,63738.783707713446
TATAMOTORS,TATAMOTORS-EQ,2022-12-12,SELL,250.46928,262.992744,225.422352,65,2023-01-27,263.255736744,33,STOP_LOSS,CLOSED,16280.5032,8.140251600000001,-831.1196883599995,8.55581144418,16.69606304418,-847.8157514041795,-5.207552499999998,81424.24385973561,80576.42810833143
RELIANCE,RELIANCE-EQ,2023-01-30,SELL,1070.0888400000001,1123.5932820000003,963.0799560000002,18,2023-05-02,1109.1780699999997,60,TIME_EXIT,CLOSED,19261.599120000003,9.630799560000002,-703.6061399999926,9.982602629999997,19.61340219,-723.2195421899926,-3.7547222205400796,98023.05897368312,97299.83943149312
TATAMOTORS,TATAMOTORS-EQ,2023-02-08,BUY,266.68642,253.35209899999998,293.35506200000003,59,2023-02-27,253.09874690099997,13,STOP_LOSS,CLOSED,15734.49878,7.8672493900000005,-801.6727128410016,7.466413033579499,15.3336624235795,-817.0063752645812,-5.192452500000011,78751.82905412311,77934.82267885853
SUZLON,SUZLON-EQ,2023-03-16,SELL,7.8921,8.286705000000001,7.10289,1975,2023-03-28,7.10999289,8,TAKE_PROFIT,CLOSED,15586.897500000001,7.793448750000001,1544.6615422500001,7.021117978875,14.814566728875,1529.8469755211252,9.814955,77934.82267885853,79464.66965437966
SBIN,SBIN-EQ,2023-03-27,SELL,509.63984999999997,535.1218425,458.675865,24,2023-04-11,535.6569643424999,8,STOP_LOSS,CLOSED,12231.356399999999,6.1156782,-624.4107442199988,6.42788357211,12.54356177211,-636.9543059921089,-5.207552499999991,62340.13173010853,61703.17742411642
TATAMOTORS,TATAMOTORS-EQ,2023-03-29,SELL,247.47228,259.84589400000004,222.725052,54,2023-04-06,260.105739894,4,STOP_LOSS,CLOSED,13363.503120000001,6.681751560000001,-682.2068342759999,7.022854977138,13.704606537138002,-695.9114408131379,-5.207552499999999,67227.19757617966,66531.28613536654
SBIN,SBIN-EQ,2023-04-26,BUY,566.91635,538.5705324999999,623.607985,27,2023-07-21,614.8845,60,TIME_EXIT,CLOSED,15306.74145,7.653370724999999,1295.1400500000009,8.30094075,15.954311475,1279.185738525001,8.357008855892062,78131.80390757442,79410.98964609942
SUZLON,SUZLON-EQ,2023-05-26,BUY,10.009999999999998,9.509499999999997,11.011,1625,2023-05-31,10.999989,3,TAKE_PROFIT,CLOSED,16266.249999999996,8.133125,1608.7321250000023,8.9374910625,17.0706160625,1591.6615089375023,9.785055000000016,81365.41946421942,82957.08097315693
RELIANCE,RELIANCE-EQ,2023-06-12,BUY,1128.75763,1072.3197485,1241.633393,14,2023-07-10,1240.391759607,19,TAKE_PROFIT,CLOSED,15802.60682,7.901303410000001,1562.8778144979997,8.682742317249,16.584045727249,1546.2937687707506,9.785054999999996,82957.08097315693,84503.37474192768
RELIANCE,RELIANCE-EQ,2024-10-29,SELL,1338.66,1405.593,1204.794,15,2024-12-20,1205.9987939999999,36,TAKE_PROFIT,CLOSED,20079.9,10.039950000000001,1989.9180900000033,9.044990955,19.084940955,1970.8331490450032,9.814955000000015,101096.95530117767,103067.78845022268
TATAMOTORS,TATAMOTORS-EQ,2024-11-08,SELL,487.11240000000004,511.4680200000001,438.40116000000006,33,2024-12-20,438.83956116,28,TAKE_PROFIT,CLOSED,16074.709200000001,8.0373546,1593.0036817200007,7.240852759140001,15.278207359140001,1577.7254743608607,9.814955000000005,81007.01535117767,82584.74082553854
IRFC,IRFC-EQ,2025-01-24,SELL,140.53932,147.56628600000002,126.485388,148,2025-01-30,147.713852286,4,STOP_LOSS,CLOSED,20799.81936,10.39990968,-1061.8307783279981,10.930825069164,21.330734749164,-1083.1615130771622,-5.207552499999991,104645.51392458355,103562.35241150638
SBIN,SBIN-EQ,2025-02-07,SELL,736.4628,773.2859400000001,662.8165200000001,28,2025-03-24,774.05922594,29,STOP_LOSS,CLOSED,20620.9584,10.3104792,-1052.6999263200005,10.836829163160001,21.14730836316,-1073.8472346831604,-5.207552500000002,103562.35241150638,102488.50517682322
SUZLON,SUZLON-EQ,2025-02-13,SELL,53.29665,55.9614825,47.966985,311,2025-02-21,56.0174439825,6,STOP_LOSS,CLOSED,16575.25815,8.287629075000002,-846.1669285574994,8.71071253927875,16.99834161427875,-863.1652701717782,-5.207552499999997,82931.0835323064,82067.91826213461
ITC,ITC-EQ,2025-02-19,SELL,405.99359999999996,426.29328,365.39423999999997,32,2025-04-15,426.7195732799999,34,STOP_LOSS,CLOSED,12991.795199999999,6.495897599999999,-663.2311449599983,6.827513172479999,13.323410772479999,-676.5545557324783,-5.207552499999988,66347.53775323139,65670.9831974989
SBIN,SBIN-EQ,2025-04-28,BUY,818.1673499999999,777.2589824999999,899.984085,24,2025-05-06,776.4817235174999,5,STOP_LOSS,CLOSED,19636.0164,9.818008200000001,-1000.455035580002,9.31778068221,19.13578888221,-1019.590824462212,-5.192452500000011,100948.78535091897,99929.19452645676
RELIANCE,RELIANCE-EQ,2025-05-13,BUY,1417.1156999999998,1346.2599149999999,1558.82727,14,2025-08-05,1390.3083000000001,60,TIME_EXIT,CLOSED,19839.619799999997,9.919809899999999,-375.30359999999564,9.732158100000001,19.651968,-394.95556799999565,-1.9907416169335852,99929.19452645676,99534.23895845677
SUZLON,SUZLON-EQ,2025-05-19,BUY,61.59152999999999,58.51195349999999,67.750683,260,2025-05-28,67.682932317,7,TAKE_PROFIT,CLOSED,16013.797799999998,8.0068989,1583.764602420001,8.79878120121,16.80568010121,1566.9589223187909,9.785055000000007,80079.65491655677,81646.61383887556
SUZLON,SUZLON-EQ,2025-09-25,SELL,56.58336,59.412528,50.925024,357,2025-10-31,59.471940528,24,STOP_LOSS,CLOSED,20200.25952,10.10012976,-1031.2232484959995,10.615741384248002,20.715871144248002,-1051.9391196402476,-5.207552499999998,101101.19788077558,100049.25876113532
RELIANCE,RELIANCE-EQ,2026-03-09,SELL,1422.576,1493.7048,1280.3184,14,2026-06-08,1281.5987184,59,TAKE_PROFIT,CLOSED,19916.064,9.958032,1973.6819423999996,8.9711910288,18.9292230288,1954.7527193711996,9.814955,100049.25876113532,102004.01148050652
SUZLON,SUZLON-EQ,2026-06-04,BUY,55.67561999999999,52.89183899999998,61.24318199999999,287,2026-07-08,52.838947160999986,23,STOP_LOSS,CLOSED,15978.902939999996,7.989451469999999,-814.1251047930006,7.582388917603498,15.571840387603498,-829.6969451806041,-5.192452500000004,80123.23672913533,79293.53978395472
SUZLON,SUZLON-EQ,2026-07-31,SELL,47.96199,50.3600895,43.165791,421,,,7,POSITION_OPEN,OPEN,20191.99779,10.095998895000001,0.0,0.0,10.095998895000001,0.0,0.0,101174.31453532592,80972.22074643092
